 ,Label,Area,Mean,Min,Max
1,D3_01_1_1_Chlorophyll_plate_28.tif,26.056,16275.200,10944,22480
2,D3_01_1_1_Chlorophyll_plate_28.tif,52.112,25757.600,12128,42288
3,D3_01_1_1_Chlorophyll_plate_28.tif,41.689,22448.000,10384,42448
4,D3_01_1_1_Chlorophyll_plate_28.tif,57.323,17664.727,10896,24128
5,D3_01_1_1_Chlorophyll_plate_28.tif,33.873,23419.077,11184,41312
6,D3_01_1_1_Chlorophyll_plate_28.tif,33.873,17553.231,11360,28320
7,D3_01_1_1_Chlorophyll_plate_28.tif,41.689,21667.000,11184,32144
8,D3_01_1_1_Chlorophyll_plate_28.tif,26.056,16398.400,10544,23168
9,D3_01_1_1_Chlorophyll_plate_28.tif,46.900,17160.889,10480,27328
10,D3_01_1_1_Chlorophyll_plate_28.tif,36.478,16046.857,11408,22848
11,D3_01_1_1_Chlorophyll_plate_28.tif,39.084,17643.733,10512,27728
12,D3_01_1_1_Chlorophyll_plate_28.tif,31.267,22726.667,11184,39984
13,D3_01_1_1_Chlorophyll_plate_28.tif,49.506,18713.263,11328,27984
14,D3_01_1_1_Chlorophyll_plate_28.tif,33.873,19021.538,11184,33584
15,D3_01_1_1_Chlorophyll_plate_28.tif,44.295,17733.647,10672,26512
16,D3_01_1_1_Chlorophyll_plate_28.tif,26.056,18235.200,10720,30992
17,D3_01_1_1_Chlorophyll_plate_28.tif,26.056,17961.600,12160,30704
18,D3_01_1_1_Chlorophyll_plate_28.tif,26.056,17086.400,11776,25440
19,D3_01_1_1_Chlorophyll_plate_28.tif,26.056,19078.400,10336,29488
20,D3_01_1_1_Chlorophyll_plate_28.tif,41.689,15910.000,11072,24816
21,D3_01_1_1_Chlorophyll_plate_28.tif,28.661,28993.455,11504,56352
22,D3_01_1_1_Chlorophyll_plate_28.tif,31.267,19554.667,10880,31904
23,D3_01_1_1_Chlorophyll_plate_28.tif,44.295,20013.176,12320,31936
24,D3_01_1_1_Chlorophyll_plate_28.tif,49.506,30811.789,11904,61792
25,D3_01_1_1_Chlorophyll_plate_28.tif,26.056,18145.600,10336,36112
26,D3_01_1_1_Chlorophyll_plate_28.tif,52.112,29764.800,13120,54368
27,D3_01_1_1_Chlorophyll_plate_28.tif,46.900,25102.222,10432,45984
28,D3_01_1_1_Chlorophyll_plate_28.tif,49.506,31193.263,10848,59888
29,D3_01_1_1_Chlorophyll_plate_28.tif,57.323,20146.909,11376,35008
30,D3_01_1_1_Chlorophyll_plate_28.tif,31.267,19244.000,10640,29280
31,D3_01_1_1_Chlorophyll_plate_28.tif,36.478,28537.143,10656,48896
32,D3_01_1_1_Chlorophyll_plate_28.tif,31.267,20352.000,10592,33600
33,D3_01_1_1_Chlorophyll_plate_28.tif,49.506,17823.158,10480,28464
34,D3_01_1_1_Chlorophyll_plate_28.tif,41.689,25364.000,10912,44016
35,D3_01_1_1_Chlorophyll_plate_28.tif,39.084,18139.733,11248,31008
36,D3_01_1_1_Chlorophyll_plate_28.tif,26.056,20275.200,11056,31856
37,D3_01_1_1_Chlorophyll_plate_28.tif,26.056,16505.600,10528,24016
38,D3_01_1_1_Chlorophyll_plate_28.tif,28.661,19060.364,10416,30432
39,D3_01_1_1_Chlorophyll_plate_28.tif,31.267,19744.000,10576,33600
40,D3_01_1_1_Chlorophyll_plate_28.tif,41.689,19348.000,10656,32992
41,D3_01_1_1_Chlorophyll_plate_28.tif,28.661,18893.091,11344,27472
42,D3_01_1_1_Chlorophyll_plate_28.tif,54.717,25363.810,10400,54656
43,D3_01_1_1_Chlorophyll_plate_28.tif,26.056,19676.800,11648,30880
44,D3_01_1_1_Chlorophyll_plate_28.tif,41.689,21896.000,12256,33360
45,D3_01_1_1_Chlorophyll_plate_28.tif,31.267,16488.000,10704,23616
46,D3_01_1_1_Chlorophyll_plate_28.tif,28.661,16541.091,11120,22992
47,D3_01_1_1_Chlorophyll_plate_28.tif,26.056,15710.400,11296,20800
48,D3_01_1_1_Chlorophyll_plate_28.tif,31.267,20192.000,10336,32224
49,D3_01_1_1_Chlorophyll_plate_28.tif,31.267,24285.333,10464,44736
50,D3_01_1_1_Chlorophyll_plate_28.tif,26.056,21209.600,10560,37008
51,D3_01_1_1_Chlorophyll_plate_28.tif,28.661,20888.727,12080,32848
52,D3_01_1_1_Chlorophyll_plate_28.tif,33.873,15750.154,11216,25024
53,D3_01_1_1_Chlorophyll_plate_28.tif,26.056,16641.600,11920,24544
54,D3_01_1_1_Chlorophyll_plate_28.tif,31.267,19668.000,12496,27456
55,D3_01_1_1_Chlorophyll_plate_28.tif,31.267,18349.333,10784,27328
56,D3_01_1_1_Chlorophyll_plate_28.tif,54.717,22077.714,10768,41760
57,D3_01_1_1_Chlorophyll_plate_28.tif,31.267,22176.000,10416,39600
58,D3_01_1_1_Chlorophyll_plate_28.tif,26.056,16635.200,10688,23712
59,D3_01_1_1_Chlorophyll_plate_28.tif,65.140,28618.880,16704,47072
60,D3_01_1_1_Chlorophyll_plate_28.tif,26.056,21654.400,10704,37840
61,D3_01_1_1_Chlorophyll_plate_28.tif,59.928,17781.565,10464,29680
62,D3_01_1_1_Chlorophyll_plate_28.tif,39.084,26664.533,11440,45168
63,D3_01_1_1_Chlorophyll_plate_28.tif,28.661,17517.091,11632,24880
64,D3_01_1_1_Chlorophyll_plate_28.tif,33.873,16946.462,10624,24672
65,D3_01_1_1_Chlorophyll_plate_28.tif,44.295,23570.824,10784,39312
66,D3_01_1_1_Chlorophyll_plate_28.tif,62.534,21751.333,11248,40384
67,D3_01_1_1_Chlorophyll_plate_28.tif,28.661,16971.636,11504,27456
68,D3_01_1_1_Chlorophyll_plate_28.tif,31.267,23677.333,10912,44480
69,D3_01_1_1_Chlorophyll_plate_28.tif,31.267,19890.667,10368,33760
70,D3_01_1_1_Chlorophyll_plate_28.tif,49.506,16954.947,10608,34368
71,D3_01_1_1_Chlorophyll_plate_28.tif,31.267,24301.333,10592,41792
72,D3_01_1_1_Chlorophyll_plate_28.tif,31.267,18558.667,11184,31072
73,D3_01_1_1_Chlorophyll_plate_28.tif,39.084,23419.733,10896,41456
74,D3_01_1_1_Chlorophyll_plate_28.tif,67.745,22088.615,10816,39072
75,D3_01_1_1_Chlorophyll_plate_28.tif,28.661,19664.000,11920,26480
76,D3_01_1_1_Chlorophyll_plate_28.tif,26.056,18337.600,10352,26928
77,D3_01_1_1_Chlorophyll_plate_28.tif,31.267,21001.333,10736,35008
78,D3_01_1_1_Chlorophyll_plate_28.tif,49.506,16002.526,10544,24912
79,D3_01_1_1_Chlorophyll_plate_28.tif,36.478,24616.000,10672,40256
80,D3_01_1_1_Chlorophyll_plate_28.tif,49.506,24213.895,10800,45920
81,D3_01_1_1_Chlorophyll_plate_28.tif,46.900,22507.556,11216,37760
82,D3_01_1_1_Chlorophyll_plate_28.tif,39.084,21281.067,10400,40144
83,D3_01_1_1_Chlorophyll_plate_28.tif,26.056,24753.600,12016,43328
84,D3_01_1_1_Chlorophyll_plate_28.tif,41.689,29197.000,11184,49952
85,D3_01_1_1_Chlorophyll_plate_28.tif,26.056,16928.000,10512,25680
86,D3_01_1_1_Chlorophyll_plate_28.tif,31.267,19748.000,11168,34800
87,D3_01_1_1_Chlorophyll_plate_28.tif,36.478,21947.429,12832,34768
88,D3_01_1_1_Chlorophyll_plate_28.tif,33.873,23933.538,10736,41408
89,D3_01_1_1_Chlorophyll_plate_28.tif,31.267,26392.000,13920,47056
90,D3_01_1_1_Chlorophyll_plate_28.tif,41.689,25744.000,10512,46256
91,D3_01_1_1_Chlorophyll_plate_28.tif,28.661,24126.545,10752,40464
92,D3_01_1_1_Chlorophyll_plate_28.tif,31.267,17422.667,10576,29248
93,D3_01_1_1_Chlorophyll_plate_28.tif,28.661,22961.455,10976,39984
94,D3_01_1_1_Chlorophyll_plate_28.tif,26.056,19880.000,10704,30944
95,D3_01_1_1_Chlorophyll_plate_28.tif,28.661,21386.182,15216,31712
96,D3_01_1_1_Chlorophyll_plate_28.tif,33.873,26222.769,12512,44256
97,D3_01_1_1_Chlorophyll_plate_28.tif,36.478,20995.429,10736,33472
98,D3_01_1_1_Chlorophyll_plate_28.tif,39.084,19483.733,12736,33376
99,D3_01_1_1_Chlorophyll_plate_28.tif,36.478,19841.143,10624,31856
100,D3_01_1_1_Chlorophyll_plate_28.tif,31.267,19213.333,10496,31264
101,D3_01_1_1_Chlorophyll_plate_28.tif,62.534,32908.000,10784,65520
102,D3_01_1_1_Chlorophyll_plate_28.tif,33.873,18689.231,10656,29712
103,D3_01_1_1_Chlorophyll_plate_28.tif,31.267,22461.333,10512,33744
104,D3_01_1_1_Chlorophyll_plate_28.tif,31.267,15978.667,10768,22544
105,D3_01_1_1_Chlorophyll_plate_28.tif,26.056,20624.000,11760,32096
106,D3_01_1_1_Chlorophyll_plate_28.tif,33.873,27544.615,12848,48544
107,D3_01_1_1_Chlorophyll_plate_28.tif,36.478,20445.714,11712,36096
108,D3_01_1_1_Chlorophyll_plate_28.tif,33.873,16882.462,12976,23840
109,D3_01_1_1_Chlorophyll_plate_28.tif,26.056,16707.200,11280,27008
110,D3_01_1_1_Chlorophyll_plate_28.tif,36.478,23457.143,10768,43648
111,D3_01_1_1_Chlorophyll_plate_28.tif,28.661,16997.818,10704,28320
112,D3_01_1_1_Chlorophyll_plate_28.tif,26.056,19340.800,10528,30736
113,D3_01_1_1_Chlorophyll_plate_28.tif,33.873,18240.000,10704,26240
114,D3_01_1_1_Chlorophyll_plate_28.tif,31.267,21112.000,10800,39328
115,D3_01_1_1_Chlorophyll_plate_28.tif,31.267,21406.667,10432,38576
116,D3_01_1_1_Chlorophyll_plate_28.tif,26.056,17009.600,10432,25888
117,D3_01_1_1_Chlorophyll_plate_28.tif,44.295,21856.000,10816,38176
118,D3_01_1_1_Chlorophyll_plate_28.tif,28.661,26916.364,10608,46816
119,D3_01_1_1_Chlorophyll_plate_28.tif,26.056,16198.400,11104,23120
120,D3_01_1_1_Chlorophyll_plate_28.tif,36.478,27009.143,13296,44720
121,D3_01_1_1_Chlorophyll_plate_28.tif,33.873,21380.923,10416,41184
122,D3_01_1_1_Chlorophyll_plate_28.tif,31.267,25032.000,10368,43264
123,D3_01_1_1_Chlorophyll_plate_28.tif,28.661,20190.545,10336,31456
124,D3_01_1_1_Chlorophyll_plate_28.tif,41.689,24730.000,10752,47280
125,D3_01_1_1_Chlorophyll_plate_28.tif,33.873,23534.769,10512,43184
126,D3_01_1_1_Chlorophyll_plate_28.tif,39.084,18339.200,11088,27424
127,D3_01_1_1_Chlorophyll_plate_28.tif,26.056,18804.800,11968,33104
128,D3_01_1_1_Chlorophyll_plate_28.tif,36.478,22628.571,10416,41184
129,D3_01_1_1_Chlorophyll_plate_28.tif,26.056,20673.600,11088,33296
130,D3_01_1_1_Chlorophyll_plate_28.tif,31.267,20728.000,10896,32560
131,D3_01_1_1_Chlorophyll_plate_28.tif,28.661,20437.818,10848,34560
132,D3_01_1_1_Chlorophyll_plate_28.tif,33.873,25970.462,10848,47568
133,D3_01_1_1_Chlorophyll_plate_28.tif,26.056,21000.000,11504,34224
134,D3_01_1_1_Chlorophyll_plate_28.tif,26.056,17537.600,11312,25440
135,D3_01_1_1_Chlorophyll_plate_28.tif,26.056,22201.600,10608,38400
136,D3_01_1_1_Chlorophyll_plate_28.tif,26.056,14756.800,10736,20048
137,D3_01_1_1_Chlorophyll_plate_28.tif,36.478,26394.286,12880,43072
138,D3_01_1_1_Chlorophyll_plate_28.tif,26.056,17955.200,11616,27328
139,D3_01_1_1_Chlorophyll_plate_28.tif,39.084,24497.067,11248,41520
140,D3_01_1_1_Chlorophyll_plate_28.tif,44.295,24514.824,11648,40240
141,D3_01_1_1_Chlorophyll_plate_28.tif,44.295,23933.176,10912,43296
142,D3_01_1_1_Chlorophyll_plate_28.tif,31.267,22328.000,11312,39168
143,D3_01_1_1_Chlorophyll_plate_28.tif,41.689,19241.000,11936,28576
144,D3_01_1_1_Chlorophyll_plate_28.tif,26.056,20056.000,10560,34048
145,D3_01_1_1_Chlorophyll_plate_28.tif,52.112,22466.400,10544,41584
146,D3_01_1_1_Chlorophyll_plate_28.tif,36.478,20622.857,10560,35632
147,D3_01_1_1_Chlorophyll_plate_28.tif,41.689,18510.000,10496,28784
148,D3_01_1_1_Chlorophyll_plate_28.tif,26.056,26905.600,11904,45008
149,D3_01_1_1_Chlorophyll_plate_28.tif,28.661,20346.182,11680,32192
150,D3_01_1_1_Chlorophyll_plate_28.tif,26.056,21508.800,10592,33344
151,D3_01_1_1_Chlorophyll_plate_28.tif,52.112,19998.400,11568,28752
152,D3_01_1_1_Chlorophyll_plate_28.tif,26.056,17494.400,10464,28992
153,D3_01_1_1_Chlorophyll_plate_28.tif,28.661,20152.727,10720,31152
154,D3_01_1_1_Chlorophyll_plate_28.tif,31.267,20162.667,12320,33456
155,D3_01_1_1_Chlorophyll_plate_28.tif,33.873,20816.000,12912,34192
156,D3_01_1_1_Chlorophyll_plate_28.tif,59.928,17631.304,10496,30976
157,D3_01_1_1_Chlorophyll_plate_28.tif,36.478,19734.857,11696,29216
158,D3_01_1_1_Chlorophyll_plate_28.tif,26.056,17569.600,10400,29248
159,D3_01_1_1_Chlorophyll_plate_28.tif,46.900,17649.778,10400,29712
160,D3_01_1_1_Chlorophyll_plate_28.tif,28.661,21937.455,12320,38192
161,D3_01_1_1_Chlorophyll_plate_28.tif,36.478,25601.143,12032,38880
162,D3_01_1_1_Chlorophyll_plate_28.tif,26.056,21134.400,10864,35472
163,D3_01_1_1_Chlorophyll_plate_28.tif,54.717,25239.619,10448,50432
164,D3_01_1_1_Chlorophyll_plate_28.tif,33.873,19634.462,10736,29488
165,D3_01_1_1_Chlorophyll_plate_28.tif,28.661,19550.545,11088,29552
166,D3_01_1_1_Chlorophyll_plate_28.tif,31.267,21806.667,10624,33104
167,D3_01_1_1_Chlorophyll_plate_28.tif,33.873,26182.154,15920,43936
168,D3_01_1_1_Chlorophyll_plate_28.tif,28.661,18568.727,10624,30080
169,D3_01_1_1_Chlorophyll_plate_28.tif,41.689,18810.000,11232,29536
170,D3_01_1_1_Chlorophyll_plate_28.tif,28.661,20568.727,10720,33536
171,D3_01_1_1_Chlorophyll_plate_28.tif,31.267,20650.667,12528,34336
172,D3_01_1_1_Chlorophyll_plate_28.tif,33.873,19028.923,10368,34608
173,D3_01_1_1_Chlorophyll_plate_28.tif,39.084,23843.200,11088,38480
174,D3_01_1_1_Chlorophyll_plate_28.tif,36.478,18745.143,11552,28336
175,D3_01_1_1_Chlorophyll_plate_28.tif,26.056,18043.200,11344,28144
176,D3_01_1_1_Chlorophyll_plate_28.tif,28.661,18139.636,10384,27024
177,D3_01_1_1_Chlorophyll_plate_28.tif,26.056,21027.200,13424,34304
178,D3_01_1_1_Chlorophyll_plate_28.tif,72.956,25214.857,10400,65520
179,D3_01_1_1_Chlorophyll_plate_28.tif,31.267,22920.000,11040,41696
180,D3_01_1_1_Chlorophyll_plate_28.tif,54.717,24835.810,11888,43600
181,D3_01_1_1_Chlorophyll_plate_28.tif,31.267,21566.667,11456,36704
182,D3_01_1_1_Chlorophyll_plate_28.tif,26.056,21872.000,11072,33296
183,D3_01_1_1_Chlorophyll_plate_28.tif,31.267,17890.667,10976,28064
184,D3_01_1_1_Chlorophyll_plate_28.tif,46.900,20207.111,10608,32592
185,D3_01_1_1_Chlorophyll_plate_28.tif,36.478,29025.143,13568,50144
186,D3_01_1_1_Chlorophyll_plate_28.tif,26.056,22065.600,11424,38384
187,D3_01_1_1_Chlorophyll_plate_28.tif,33.873,19521.231,12128,27808
188,D3_01_1_1_Chlorophyll_plate_28.tif,39.084,22873.600,10768,41216
189,D3_01_1_1_Chlorophyll_plate_28.tif,39.084,26824.533,11072,49568
190,D3_01_1_1_Chlorophyll_plate_28.tif,26.056,17952.000,10720,31248
191,D3_01_1_1_Chlorophyll_plate_28.tif,52.112,26242.400,10704,46912
192,D3_01_1_1_Chlorophyll_plate_28.tif,39.084,24252.800,11424,44624
193,D3_01_1_1_Chlorophyll_plate_28.tif,33.873,26377.846,13200,43872
194,D3_01_1_1_Chlorophyll_plate_28.tif,28.661,17559.273,11776,24704
195,D3_01_1_1_Chlorophyll_plate_28.tif,26.056,24328.000,10912,42592
196,D3_01_1_1_Chlorophyll_plate_28.tif,36.478,19723.429,10464,35984
197,D3_01_1_1_Chlorophyll_plate_28.tif,49.506,25690.105,10432,47568
198,D3_01_1_1_Chlorophyll_plate_28.tif,28.661,18935.273,10416,27824
199,D3_01_1_1_Chlorophyll_plate_28.tif,52.112,21545.600,11504,35360
200,D3_01_1_1_Chlorophyll_plate_28.tif,41.689,21312.000,10720,38048
201,D3_01_1_1_Chlorophyll_plate_28.tif,31.267,23529.333,11056,41952
202,D3_01_1_1_Chlorophyll_plate_28.tif,28.661,18772.364,10624,28352
203,D3_01_1_1_Chlorophyll_plate_28.tif,31.267,21286.667,11696,32816
204,D3_01_1_1_Chlorophyll_plate_28.tif,26.056,19664.000,10592,29712
205,D3_01_1_1_Chlorophyll_plate_28.tif,26.056,17798.400,11968,24784
206,D3_01_1_1_Chlorophyll_plate_28.tif,31.267,21322.667,10704,36800
207,D3_01_1_1_Chlorophyll_plate_28.tif,31.267,20226.667,13824,30336
208,D3_01_1_1_Chlorophyll_plate_28.tif,46.900,20172.444,10544,37968
209,D3_01_1_1_Chlorophyll_plate_28.tif,49.506,24178.526,12992,39696
210,D3_01_1_1_Chlorophyll_plate_28.tif,33.873,21139.692,11568,34000
211,D3_01_1_1_Chlorophyll_plate_28.tif,46.900,25173.333,10336,46384
212,D3_01_1_1_Chlorophyll_plate_28.tif,28.661,24834.909,11200,46368
213,D3_01_1_1_Chlorophyll_plate_28.tif,26.056,18723.200,12576,32256
214,D3_01_1_1_Chlorophyll_plate_28.tif,28.661,17338.182,11088,27120
215,D3_01_1_1_Chlorophyll_plate_28.tif,44.295,28306.824,11760,53504
216,D3_01_1_1_Chlorophyll_plate_28.tif,31.267,19048.000,10400,29456
217,D3_01_1_1_Chlorophyll_plate_28.tif,26.056,18816.000,11280,30400
218,D3_01_1_1_Chlorophyll_plate_28.tif,31.267,15969.333,11056,24048
219,D3_01_1_1_Chlorophyll_plate_28.tif,31.267,17181.333,10624,25856
220,D3_01_1_1_Chlorophyll_plate_28.tif,39.084,20795.733,10592,34912
221,D3_01_1_1_Chlorophyll_plate_28.tif,31.267,16349.333,10608,24112
222,D3_01_1_1_Chlorophyll_plate_28.tif,31.267,19144.000,10560,30464
223,D3_01_1_1_Chlorophyll_plate_28.tif,72.956,26138.286,10784,54080
224,D3_01_1_1_Chlorophyll_plate_28.tif,33.873,19081.846,10960,28272
225,D3_01_1_1_Chlorophyll_plate_28.tif,31.267,17577.333,11216,26352
226,D3_01_1_1_Chlorophyll_plate_28.tif,44.295,20758.588,10384,36432
227,D3_01_1_1_Chlorophyll_plate_28.tif,26.056,16187.200,10880,23408
228,D3_01_1_1_Chlorophyll_plate_28.tif,26.056,16592.000,12336,23632
229,D3_01_1_1_Chlorophyll_plate_28.tif,31.267,21634.667,14336,35840
230,D3_01_1_1_Chlorophyll_plate_28.tif,31.267,20018.667,11328,30528
231,D3_01_1_1_Chlorophyll_plate_28.tif,36.478,26744.000,12752,49104
232,D3_01_1_1_Chlorophyll_plate_28.tif,31.267,22604.000,12080,36736
233,D3_01_1_1_Chlorophyll_plate_28.tif,54.717,27709.714,11392,54480
234,D3_01_1_1_Chlorophyll_plate_28.tif,49.506,27251.368,11168,52512
235,D3_01_1_1_Chlorophyll_plate_28.tif,44.295,23219.765,10512,35936
236,D3_01_1_1_Chlorophyll_plate_28.tif,33.873,20659.692,10720,32448
237,D3_01_1_1_Chlorophyll_plate_28.tif,28.661,23051.636,13136,37824
238,D3_01_1_1_Chlorophyll_plate_28.tif,36.478,18926.857,10512,30896
239,D3_01_1_1_Chlorophyll_plate_28.tif,33.873,17972.923,10656,27760
240,D3_01_1_1_Chlorophyll_plate_28.tif,36.478,16613.714,10448,27344
241,D3_01_1_1_Chlorophyll_plate_28.tif,31.267,18828.000,11344,27488
242,D3_01_1_1_Chlorophyll_plate_28.tif,36.478,16641.143,10976,25920
243,D3_01_1_1_Chlorophyll_plate_28.tif,41.689,20439.000,10400,33776
244,D3_01_1_1_Chlorophyll_plate_28.tif,49.506,23280.000,11008,48352
245,D3_01_1_1_Chlorophyll_plate_28.tif,46.900,24728.000,10576,43264
246,D3_01_1_1_Chlorophyll_plate_28.tif,26.056,16652.800,11584,24128
247,D3_01_1_1_Chlorophyll_plate_28.tif,39.084,25351.467,11808,47296
248,D3_01_1_1_Chlorophyll_plate_28.tif,31.267,16645.333,10672,25264
249,D3_01_1_1_Chlorophyll_plate_28.tif,26.056,17659.200,10832,31456
250,D3_01_1_1_Chlorophyll_plate_28.tif,36.478,19272.000,11312,31712
251,D3_01_1_1_Chlorophyll_plate_28.tif,28.661,19659.636,10352,35728
252,D3_01_1_1_Chlorophyll_plate_28.tif,26.056,17142.400,10528,25680
253,D3_01_1_1_Chlorophyll_plate_28.tif,46.900,18650.667,10464,34512
254,D3_01_1_1_Chlorophyll_plate_28.tif,31.267,21333.333,11008,39696
255,D3_01_1_1_Chlorophyll_plate_28.tif,44.295,27842.824,10368,56208
256,D3_01_1_1_Chlorophyll_plate_28.tif,36.478,26116.571,11440,48800
257,D3_01_1_1_Chlorophyll_plate_28.tif,41.689,17802.000,10352,30368
258,D3_01_1_1_Chlorophyll_plate_28.tif,31.267,17078.667,10416,26848
259,D3_01_1_1_Chlorophyll_plate_28.tif,36.478,23573.714,11968,43424
260,D3_01_1_1_Chlorophyll_plate_28.tif,36.478,21852.571,10544,34336
261,D3_01_1_1_Chlorophyll_plate_28.tif,31.267,17432.000,10720,26544
262,D3_01_1_1_Chlorophyll_plate_28.tif,31.267,20002.667,10416,33408
263,D3_01_1_1_Chlorophyll_plate_28.tif,31.267,21412.000,10512,37824
264,D3_01_1_1_Chlorophyll_plate_28.tif,39.084,17553.067,10400,34288
265,D3_01_1_1_Chlorophyll_plate_28.tif,70.351,21639.111,10592,41728
266,D3_01_1_1_Chlorophyll_plate_28.tif,33.873,23665.231,10816,37648
267,D3_01_1_1_Chlorophyll_plate_28.tif,31.267,24165.333,10576,42880
268,D3_01_1_1_Chlorophyll_plate_28.tif,33.873,18145.231,10704,32736
269,D3_01_1_1_Chlorophyll_plate_28.tif,31.267,21204.000,10768,33360
270,D3_01_1_1_Chlorophyll_plate_28.tif,36.478,24768.000,12192,43024
271,D3_01_1_1_Chlorophyll_plate_28.tif,26.056,17363.200,10464,27536
272,D3_01_1_1_Chlorophyll_plate_28.tif,28.661,22855.273,11248,35344
273,D3_01_1_1_Chlorophyll_plate_28.tif,36.478,26468.571,11440,51216
274,D3_01_1_1_Chlorophyll_plate_28.tif,26.056,17644.800,10656,21904
275,D3_01_1_1_Chlorophyll_plate_28.tif,26.056,20390.400,10752,35200
276,D3_01_1_1_Chlorophyll_plate_28.tif,28.661,23345.455,12048,42592
277,D3_01_1_1_Chlorophyll_plate_28.tif,36.478,22246.857,11568,34272
278,D3_01_1_1_Chlorophyll_plate_28.tif,36.478,19568.000,11376,29264
279,D3_01_1_1_Chlorophyll_plate_28.tif,31.267,24910.667,10592,44848
280,D3_01_1_1_Chlorophyll_plate_28.tif,36.478,27163.429,10832,49136
281,D3_01_1_1_Chlorophyll_plate_28.tif,36.478,26461.714,10592,51328
282,D3_01_1_1_Chlorophyll_plate_28.tif,26.056,20852.800,10400,32864
283,D3_01_1_1_Chlorophyll_plate_28.tif,39.084,21600.000,12128,35280
284,D3_01_1_1_Chlorophyll_plate_28.tif,28.661,23709.091,11072,38368
285,D3_01_1_1_Chlorophyll_plate_28.tif,39.084,24472.533,11120,43360
286,D3_01_1_1_Chlorophyll_plate_28.tif,28.661,20749.091,10960,32080
287,D3_01_1_1_Chlorophyll_plate_28.tif,39.084,25792.000,10784,48160
288,D3_01_1_1_Chlorophyll_plate_28.tif,31.267,23626.667,10528,38832
289,D3_01_1_1_Chlorophyll_plate_28.tif,28.661,19313.455,10800,29888
290,D3_01_1_1_Chlorophyll_plate_28.tif,26.056,17148.800,10368,25888
291,D3_01_1_1_Chlorophyll_plate_28.tif,26.056,21044.800,10336,34224
292,D3_01_1_1_Chlorophyll_plate_28.tif,26.056,19612.800,12352,30000
293,D3_01_1_1_Chlorophyll_plate_28.tif,26.056,18950.400,10624,27856
294,D3_01_1_1_Chlorophyll_plate_28.tif,28.661,15306.182,11600,23440
295,D3_01_1_1_Chlorophyll_plate_28.tif,31.267,23700.000,10336,43056
296,D3_01_1_1_Chlorophyll_plate_28.tif,41.689,18120.000,10528,28928
297,D3_01_1_1_Chlorophyll_plate_28.tif,26.056,18398.400,10672,30432
298,D3_01_1_1_Chlorophyll_plate_28.tif,39.084,22213.333,11232,36960
299,D3_01_1_1_Chlorophyll_plate_28.tif,26.056,16787.200,10704,28704
300,D3_01_1_1_Chlorophyll_plate_28.tif,26.056,19025.600,11552,32512
301,D3_01_1_1_Chlorophyll_plate_28.tif,57.323,20786.182,10784,31968
302,D3_01_1_1_Chlorophyll_plate_28.tif,26.056,16156.800,10624,23776
303,D3_01_1_1_Chlorophyll_plate_28.tif,36.478,22066.286,11520,39872
304,D3_01_1_1_Chlorophyll_plate_28.tif,39.084,23788.800,11472,40800
305,D3_01_1_1_Chlorophyll_plate_28.tif,49.506,19838.316,10736,34000
306,D3_01_1_1_Chlorophyll_plate_28.tif,28.661,17162.182,11504,24288
307,D3_01_1_1_Chlorophyll_plate_28.tif,26.056,17804.800,11088,30768
308,D3_01_1_1_Chlorophyll_plate_28.tif,26.056,20000.000,11424,34496
309,D3_01_1_1_Chlorophyll_plate_28.tif,36.478,23446.857,10352,39472
310,D3_01_1_1_Chlorophyll_plate_28.tif,31.267,25818.667,10992,48432
311,D3_01_1_1_Chlorophyll_plate_28.tif,41.689,20469.000,10608,31472
312,D3_01_1_1_Chlorophyll_plate_28.tif,26.056,16060.800,10336,25488
313,D3_01_1_1_Chlorophyll_plate_28.tif,33.873,21332.923,12256,35168
314,D3_01_1_1_Chlorophyll_plate_28.tif,36.478,27715.429,10560,48160
315,D3_01_1_1_Chlorophyll_plate_28.tif,46.900,21472.889,11024,36176
316,D3_01_1_1_Chlorophyll_plate_28.tif,54.717,24422.095,10864,41024
317,D3_01_1_1_Chlorophyll_plate_28.tif,26.056,20401.600,13184,32544
318,D3_01_1_1_Chlorophyll_plate_28.tif,26.056,19838.400,10688,30304
319,D3_01_1_1_Chlorophyll_plate_28.tif,26.056,17123.200,10416,29936
320,D3_01_1_1_Chlorophyll_plate_28.tif,36.478,19337.143,10768,28240
321,D3_01_1_1_Chlorophyll_plate_28.tif,26.056,18827.200,11040,32976
322,D3_01_1_1_Chlorophyll_plate_28.tif,31.267,16726.667,10960,25024
323,D3_01_1_1_Chlorophyll_plate_28.tif,28.661,25648.000,11824,46672
324,D3_01_1_1_Chlorophyll_plate_28.tif,70.351,23889.778,10768,52592
325,D3_01_1_1_Chlorophyll_plate_28.tif,26.056,18275.200,11520,27744
326,D3_01_1_1_Chlorophyll_plate_28.tif,31.267,19825.333,11712,28976
327,D3_01_1_1_Chlorophyll_plate_28.tif,39.084,20864.000,10336,36384
328,D3_01_1_1_Chlorophyll_plate_28.tif,28.661,20612.364,10912,36288
329,D3_01_1_1_Chlorophyll_plate_28.tif,28.661,17857.455,11280,27520
330,D3_01_1_1_Chlorophyll_plate_28.tif,26.056,16358.400,10848,24592
331,D3_01_1_1_Chlorophyll_plate_28.tif,31.267,18952.000,10400,29136
332,D3_01_1_1_Chlorophyll_plate_28.tif,36.478,23507.429,11632,39360
333,D3_01_1_1_Chlorophyll_plate_28.tif,39.084,28675.200,10640,48912
334,D3_01_1_1_Chlorophyll_plate_28.tif,31.267,25402.667,11264,46160
335,D3_01_1_1_Chlorophyll_plate_28.tif,28.661,21729.455,10528,38384
336,D3_01_1_1_Chlorophyll_plate_28.tif,54.717,17154.286,10384,27680
337,D3_01_1_1_Chlorophyll_plate_28.tif,28.661,18612.364,11936,28592
338,D3_01_1_1_Chlorophyll_plate_28.tif,26.056,14880.000,10400,21344
339,D3_01_1_1_Chlorophyll_plate_28.tif,36.478,25916.571,12976,50160
340,D3_01_1_1_Chlorophyll_plate_28.tif,36.478,19603.429,10784,31504
341,D3_01_1_1_Chlorophyll_plate_28.tif,33.873,25416.615,12064,43024
342,D3_01_1_1_Chlorophyll_plate_28.tif,39.084,23026.133,10912,39648
343,D3_01_1_1_Chlorophyll_plate_28.tif,41.689,22357.000,10944,37568
344,D3_01_1_1_Chlorophyll_plate_28.tif,31.267,20772.000,11184,31296
345,D3_01_1_1_Chlorophyll_plate_28.tif,46.900,25742.222,10480,49552
346,D3_01_1_1_Chlorophyll_plate_28.tif,52.112,23690.400,11088,40480
347,D3_01_1_1_Chlorophyll_plate_28.tif,33.873,25268.923,14784,44928
348,D3_01_1_1_Chlorophyll_plate_28.tif,59.928,25774.609,11760,45584
349,D3_01_1_1_Chlorophyll_plate_28.tif,26.056,18379.200,11728,30000
350,D3_01_1_1_Chlorophyll_plate_28.tif,41.689,20761.000,11456,32864
351,D3_01_1_1_Chlorophyll_plate_28.tif,59.928,17088.696,10816,31104
352,D3_01_1_1_Chlorophyll_plate_28.tif,41.689,20276.000,12672,29344
353,D3_01_1_1_Chlorophyll_plate_28.tif,41.689,19737.000,11712,32736
354,D3_01_1_1_Chlorophyll_plate_28.tif,36.478,20764.571,11184,31008
355,D3_01_1_1_Chlorophyll_plate_28.tif,36.478,18113.143,10576,27920
356,D3_01_1_1_Chlorophyll_plate_28.tif,28.661,20299.636,11328,31792
357,D3_01_1_1_Chlorophyll_plate_28.tif,26.056,22198.400,12192,38080
358,D3_01_1_1_Chlorophyll_plate_28.tif,33.873,21339.077,10832,36720
359,D3_01_1_1_Chlorophyll_plate_28.tif,31.267,17565.333,10816,24816
360,D3_01_1_1_Chlorophyll_plate_28.tif,46.900,19179.556,10928,28896
361,D3_01_1_1_Chlorophyll_plate_28.tif,36.478,23626.286,13856,38064
362,D3_01_1_1_Chlorophyll_plate_28.tif,26.056,19462.400,11472,29536
363,D3_01_1_1_Chlorophyll_plate_28.tif,33.873,18636.308,10992,30096
364,D3_01_1_1_Chlorophyll_plate_28.tif,31.267,18804.000,10352,33728
365,D3_01_1_1_Chlorophyll_plate_28.tif,36.478,23086.857,11248,41632
366,D3_01_1_1_Chlorophyll_plate_28.tif,28.661,20353.455,10480,35504
367,D3_01_1_1_Chlorophyll_plate_28.tif,41.689,19944.000,11472,29184
368,D3_01_1_1_Chlorophyll_plate_28.tif,33.873,20219.077,10352,32736
369,D3_01_1_1_Chlorophyll_plate_28.tif,36.478,21158.857,10496,36416
370,D3_01_1_1_Chlorophyll_plate_28.tif,41.689,27433.000,14416,47312
371,D3_01_1_1_Chlorophyll_plate_28.tif,28.661,18810.182,10976,28640
372,D3_01_1_1_Chlorophyll_plate_28.tif,31.267,20185.333,10640,34880
373,D3_01_1_1_Chlorophyll_plate_28.tif,26.056,19320.000,11904,29360
374,D3_01_1_1_Chlorophyll_plate_28.tif,26.056,21915.200,12080,33936
375,D3_01_1_1_Chlorophyll_plate_28.tif,33.873,23155.692,10592,36960
376,D3_01_1_1_Chlorophyll_plate_28.tif,31.267,20470.667,10608,36896
377,D3_01_1_1_Chlorophyll_plate_28.tif,31.267,17480.000,10384,26848
378,D3_01_1_1_Chlorophyll_plate_28.tif,26.056,21828.800,11440,33984
379,D3_01_1_1_Chlorophyll_plate_28.tif,26.056,19179.200,10336,29808
380,D3_01_1_1_Chlorophyll_plate_28.tif,26.056,21963.200,11552,37376
381,D3_01_1_1_Chlorophyll_plate_28.tif,36.478,22129.143,10512,35264
382,D3_01_1_1_Chlorophyll_plate_28.tif,39.084,20152.533,10352,31568
383,D3_01_1_1_Chlorophyll_plate_28.tif,28.661,24498.909,11600,41536
384,D3_01_1_1_Chlorophyll_plate_28.tif,28.661,23349.818,11360,35264
385,D3_01_1_1_Chlorophyll_plate_28.tif,28.661,19844.364,10384,32416
386,D3_01_1_1_Chlorophyll_plate_28.tif,28.661,20037.818,12064,33664
387,D3_01_1_1_Chlorophyll_plate_28.tif,31.267,20818.667,10752,32688
388,D3_01_1_1_Chlorophyll_plate_28.tif,39.084,22510.933,10448,37520
389,D3_01_1_1_Chlorophyll_plate_28.tif,26.056,15974.400,10528,21440
390,D3_01_1_1_Chlorophyll_plate_28.tif,49.506,17104.000,10448,28704
391,D3_01_1_1_Chlorophyll_plate_28.tif,31.267,18110.667,10720,31920
392,D3_01_1_1_Chlorophyll_plate_28.tif,26.056,18705.600,10544,33904
393,D3_01_1_1_Chlorophyll_plate_28.tif,26.056,17044.800,12032,23872
394,D3_01_1_1_Chlorophyll_plate_28.tif,44.295,22351.059,12976,34816
395,D3_01_1_1_Chlorophyll_plate_28.tif,28.661,18821.818,11232,31584
396,D3_01_1_1_Chlorophyll_plate_28.tif,46.900,23581.333,11984,36880
397,D3_01_1_1_Chlorophyll_plate_28.tif,39.084,16866.133,10608,26032
398,D3_01_1_1_Chlorophyll_plate_28.tif,54.717,28254.476,10576,54992
399,D3_01_1_1_Chlorophyll_plate_28.tif,33.873,18401.231,10832,29248
400,D3_01_1_1_Chlorophyll_plate_28.tif,36.478,23717.714,10368,42320
401,D3_01_1_1_Chlorophyll_plate_28.tif,26.056,18049.600,10432,28848
402,D3_01_1_1_Chlorophyll_plate_28.tif,41.689,23022.000,12064,36624
403,D3_01_1_1_Chlorophyll_plate_28.tif,36.478,24002.286,10688,44672
404,D3_01_1_1_Chlorophyll_plate_28.tif,31.267,18404.000,13696,27120
405,D3_01_1_1_Chlorophyll_plate_28.tif,33.873,21129.846,11296,36320
406,D3_01_1_1_Chlorophyll_plate_28.tif,41.689,24992.000,10768,48912
407,D3_01_1_1_Chlorophyll_plate_28.tif,33.873,20107.077,11056,31664
408,D3_01_1_1_Chlorophyll_plate_28.tif,33.873,20121.846,11920,32224
409,D3_01_1_1_Chlorophyll_plate_28.tif,26.056,16350.400,11152,21584
410,D3_01_1_1_Chlorophyll_plate_28.tif,28.661,23914.182,10912,43856
411,D3_01_1_1_Chlorophyll_plate_28.tif,28.661,23021.091,12176,39072
412,D3_01_1_1_Chlorophyll_plate_28.tif,26.056,21595.200,13760,36880
413,D3_01_1_1_Chlorophyll_plate_28.tif,39.084,20971.733,10848,33888
414,D3_01_1_1_Chlorophyll_plate_28.tif,28.661,15412.364,11152,23728
415,D3_01_1_1_Chlorophyll_plate_28.tif,49.506,24293.895,11968,40160
416,D3_01_1_1_Chlorophyll_plate_28.tif,36.478,21898.286,10768,36448
417,D3_01_1_1_Chlorophyll_plate_28.tif,41.689,23015.000,10736,41248
418,D3_01_1_1_Chlorophyll_plate_28.tif,26.056,17969.600,10416,26512
419,D3_01_1_1_Chlorophyll_plate_28.tif,54.717,25845.333,10688,43168
420,D3_01_1_1_Chlorophyll_plate_28.tif,41.689,23332.000,11968,41248
421,D3_01_1_1_Chlorophyll_plate_28.tif,101.618,25999.179,10416,47824
422,D3_01_1_1_Chlorophyll_plate_28.tif,33.873,20913.231,12096,34432
423,D3_01_1_1_Chlorophyll_plate_28.tif,33.873,19469.538,10432,31568
424,D3_01_1_1_Chlorophyll_plate_28.tif,31.267,17134.667,10432,24976
425,D3_01_1_1_Chlorophyll_plate_28.tif,28.661,20501.818,10576,35456
426,D3_01_1_1_Chlorophyll_plate_28.tif,28.661,17213.091,10896,26752
427,D3_01_1_1_Chlorophyll_plate_28.tif,39.084,26027.733,10608,46096
428,D3_01_1_1_Chlorophyll_plate_28.tif,26.056,17014.400,11056,27392
429,D3_01_1_1_Chlorophyll_plate_28.tif,36.478,21012.571,12576,30128
430,D3_01_1_1_Chlorophyll_plate_28.tif,78.167,24818.133,10384,54112
431,D3_01_1_1_Chlorophyll_plate_28.tif,28.661,20370.909,11056,31040
432,D3_01_1_1_Chlorophyll_plate_28.tif,33.873,20438.154,11552,32672
433,D3_01_1_1_Chlorophyll_plate_28.tif,26.056,24521.600,13152,37104
434,D3_01_1_1_Chlorophyll_plate_28.tif,31.267,22057.333,12688,37232
435,D3_01_1_1_Chlorophyll_plate_28.tif,26.056,17435.200,11408,24624
436,D3_01_1_1_Chlorophyll_plate_28.tif,36.478,21842.286,12960,34944
437,D3_01_1_1_Chlorophyll_plate_28.tif,52.112,18000.800,10432,34304
438,D3_01_1_1_Chlorophyll_plate_28.tif,41.689,27039.000,12656,46960
439,D3_01_1_1_Chlorophyll_plate_28.tif,41.689,23536.000,10848,38800
440,D3_01_1_1_Chlorophyll_plate_28.tif,33.873,20674.462,10800,38784
441,D3_01_1_1_Chlorophyll_plate_28.tif,26.056,18747.200,11312,30912
442,D3_01_1_1_Chlorophyll_plate_28.tif,28.661,17560.727,10544,30480
443,D3_01_1_1_Chlorophyll_plate_28.tif,31.267,23257.333,13584,40688
444,D3_01_1_1_Chlorophyll_plate_28.tif,31.267,22254.667,11600,33440
445,D3_01_1_1_Chlorophyll_plate_28.tif,39.084,18020.267,10752,33280
446,D3_01_1_1_Chlorophyll_plate_28.tif,33.873,15890.462,10704,21936
447,D3_01_1_1_Chlorophyll_plate_28.tif,41.689,28697.000,11056,53296
448,D3_01_1_1_Chlorophyll_plate_28.tif,26.056,16300.800,11552,24272
449,D3_01_1_1_Chlorophyll_plate_28.tif,39.084,27361.067,10672,45952
450,D3_01_1_1_Chlorophyll_plate_28.tif,26.056,15913.600,10848,24480
451,D3_01_1_1_Chlorophyll_plate_28.tif,31.267,22820.000,11808,41712
452,D3_01_1_1_Chlorophyll_plate_28.tif,85.984,19608.242,10752,38688
453,D3_01_1_1_Chlorophyll_plate_28.tif,36.478,21560.000,10592,36608
454,D3_01_1_1_Chlorophyll_plate_28.tif,28.661,18583.273,10768,30160
455,D3_01_1_1_Chlorophyll_plate_28.tif,31.267,17872.000,11120,25936
456,D3_01_1_1_Chlorophyll_plate_28.tif,36.478,22716.571,11888,39216
457,D3_01_1_1_Chlorophyll_plate_28.tif,54.717,16272.000,10464,28688
458,D3_01_1_1_Chlorophyll_plate_28.tif,44.295,23886.118,11152,43952
459,D3_01_1_1_Chlorophyll_plate_28.tif,33.873,16750.769,10560,23136
460,D3_01_1_1_Chlorophyll_plate_28.tif,28.661,18544.000,11056,31120
461,D3_01_1_1_Chlorophyll_plate_28.tif,31.267,20862.667,12800,31824
462,D3_01_1_1_Chlorophyll_plate_28.tif,33.873,23495.385,11408,36480
463,D3_01_1_1_Chlorophyll_plate_28.tif,31.267,26946.667,14000,48160
464,D3_01_1_1_Chlorophyll_plate_28.tif,44.295,18371.765,10816,35408
465,D3_01_1_1_Chlorophyll_plate_28.tif,36.478,22521.143,10640,36096
466,D3_01_1_1_Chlorophyll_plate_28.tif,26.056,17908.800,10976,27008
467,D3_01_1_1_Chlorophyll_plate_28.tif,28.661,20616.727,13232,32512
468,D3_01_1_1_Chlorophyll_plate_28.tif,31.267,21282.667,10672,35824
469,D3_01_1_1_Chlorophyll_plate_28.tif,33.873,20329.846,11200,36880
470,D3_01_1_1_Chlorophyll_plate_28.tif,36.478,20664.000,11088,35600
471,D3_01_1_1_Chlorophyll_plate_28.tif,31.267,20840.000,10752,34272
472,D3_01_1_1_Chlorophyll_plate_28.tif,36.478,21857.143,10336,36448
473,D3_01_1_1_Chlorophyll_plate_28.tif,39.084,22039.467,10432,41584
474,D3_01_1_1_Chlorophyll_plate_28.tif,28.661,21172.364,10896,34400
475,D3_01_1_1_Chlorophyll_plate_28.tif,26.056,16684.800,10336,27584
476,D3_01_1_1_Chlorophyll_plate_28.tif,26.056,18083.200,10400,29600
477,D3_01_1_1_Chlorophyll_plate_28.tif,41.689,25137.000,10352,40576
478,D3_01_1_1_Chlorophyll_plate_28.tif,41.689,27136.000,10384,49760
479,D3_01_1_1_Chlorophyll_plate_28.tif,31.267,20757.333,11088,30624
480,D3_01_1_1_Chlorophyll_plate_28.tif,31.267,23502.667,11456,41488
481,D3_01_1_1_Chlorophyll_plate_28.tif,26.056,21667.200,11792,34512
482,D3_01_1_1_Chlorophyll_plate_28.tif,26.056,17088.000,10784,27904
483,D3_01_1_1_Chlorophyll_plate_28.tif,31.267,21161.333,13344,34848
484,D3_01_1_1_Chlorophyll_plate_28.tif,28.661,20267.636,10736,34976
485,D3_01_1_1_Chlorophyll_plate_28.tif,41.689,17660.000,11024,25568
486,D3_01_1_1_Chlorophyll_plate_28.tif,26.056,19496.000,10880,31920
487,D3_01_1_1_Chlorophyll_plate_28.tif,39.084,19351.467,11664,28144
488,D3_01_1_1_Chlorophyll_plate_28.tif,36.478,20030.857,10496,39296
489,D3_01_1_1_Chlorophyll_plate_28.tif,80.773,21682.065,10432,36864
490,D3_01_1_1_Chlorophyll_plate_28.tif,26.056,21566.400,11984,39104
491,D3_01_1_1_Chlorophyll_plate_28.tif,49.506,21000.421,10432,37120
492,D3_01_1_1_Chlorophyll_plate_28.tif,33.873,17426.462,10400,22736
493,D3_01_1_1_Chlorophyll_plate_28.tif,49.506,23799.579,10480,39712
494,D3_01_1_1_Chlorophyll_plate_28.tif,54.717,24147.048,10880,46400
495,D3_01_1_1_Chlorophyll_plate_28.tif,39.084,22553.600,10560,40368
496,D3_01_1_1_Chlorophyll_plate_28.tif,26.056,21812.800,12224,32864
497,D3_01_1_1_Chlorophyll_plate_28.tif,26.056,17577.600,10736,29264
498,D3_01_1_1_Chlorophyll_plate_28.tif,31.267,20702.667,11344,34080
499,D3_01_1_1_Chlorophyll_plate_28.tif,28.661,23818.182,11792,41328
500,D3_01_1_1_Chlorophyll_plate_28.tif,31.267,20117.333,10336,30880
501,D3_01_1_1_Chlorophyll_plate_28.tif,46.900,24130.667,10640,42912
502,D3_01_1_1_Chlorophyll_plate_28.tif,28.661,21677.091,10608,36512
503,D3_01_1_1_Chlorophyll_plate_28.tif,36.478,19332.571,10384,33296
504,D3_01_1_1_Chlorophyll_plate_28.tif,31.267,21597.333,10736,38944
505,D3_01_1_1_Chlorophyll_plate_28.tif,44.295,20199.529,10688,34176
506,D3_01_1_1_Chlorophyll_plate_28.tif,39.084,21394.133,11376,34576
507,D3_01_1_1_Chlorophyll_plate_28.tif,26.056,20150.400,12016,29392
508,D3_01_1_1_Chlorophyll_plate_28.tif,31.267,26016.000,10544,44528
509,D3_01_1_1_Chlorophyll_plate_28.tif,26.056,20536.000,10784,34992
510,D3_01_1_1_Chlorophyll_plate_28.tif,33.873,23558.154,11280,41264
511,D3_01_1_1_Chlorophyll_plate_28.tif,26.056,20073.600,10464,33328
512,D3_01_1_1_Chlorophyll_plate_28.tif,33.873,18166.154,11056,28368
513,D3_01_1_1_Chlorophyll_plate_28.tif,26.056,19966.400,11120,32992
514,D3_01_1_1_Chlorophyll_plate_28.tif,31.267,20773.333,10608,34016
515,D3_01_1_1_Chlorophyll_plate_28.tif,31.267,16760.000,10736,23536
516,D3_01_1_1_Chlorophyll_plate_28.tif,41.689,23162.000,10528,37536
517,D3_01_1_1_Chlorophyll_plate_28.tif,26.056,18931.200,10656,28720
518,D3_01_1_1_Chlorophyll_plate_28.tif,31.267,20082.667,10944,32640
519,D3_01_1_1_Chlorophyll_plate_28.tif,41.689,27305.000,10368,46768
520,D3_01_1_1_Chlorophyll_plate_28.tif,36.478,22254.857,14752,34912
521,D3_01_1_1_Chlorophyll_plate_28.tif,31.267,18156.000,11088,24288
522,D3_01_1_1_Chlorophyll_plate_28.tif,41.689,21955.000,10896,36576
523,D3_01_1_1_Chlorophyll_plate_28.tif,26.056,19587.200,10688,34848
524,D3_01_1_1_Chlorophyll_plate_28.tif,26.056,18593.600,11568,28496
525,D3_01_1_1_Chlorophyll_plate_28.tif,26.056,13969.600,10480,18976
526,D3_01_1_1_Chlorophyll_plate_28.tif,26.056,19641.600,10416,29760
527,D3_01_1_1_Chlorophyll_plate_28.tif,31.267,21908.000,11312,33696
528,D3_01_1_1_Chlorophyll_plate_28.tif,26.056,17577.600,11568,26944
529,D3_01_1_1_Chlorophyll_plate_28.tif,41.689,20317.000,11072,31216
530,D3_01_1_1_Chlorophyll_plate_28.tif,75.562,22202.483,10960,40832
531,D3_01_1_1_Chlorophyll_plate_28.tif,31.267,18722.667,11744,28224
532,D3_01_1_1_Chlorophyll_plate_28.tif,31.267,27976.000,18800,46544
533,D3_01_1_1_Chlorophyll_plate_28.tif,28.661,22052.364,12480,36560
534,D3_01_1_1_Chlorophyll_plate_28.tif,28.661,18059.636,10960,26544
535,D3_01_1_1_Chlorophyll_plate_28.tif,36.478,18653.714,10448,29152
536,D3_01_1_1_Chlorophyll_plate_28.tif,39.084,21273.600,10608,36160
537,D3_01_1_1_Chlorophyll_plate_28.tif,41.689,25558.000,12448,48272
538,D3_01_1_1_Chlorophyll_plate_28.tif,41.689,15633.000,10416,23520
539,D3_01_1_1_Chlorophyll_plate_28.tif,31.267,18130.667,10512,28048
540,D3_01_1_1_Chlorophyll_plate_28.tif,28.661,19040.000,11136,31648
541,D3_01_1_1_Chlorophyll_plate_28.tif,41.689,24769.000,11184,46480
542,D3_01_1_1_Chlorophyll_plate_28.tif,28.661,20826.182,10736,32992
543,D3_01_1_1_Chlorophyll_plate_28.tif,28.661,17748.364,11840,25104
544,D3_01_1_1_Chlorophyll_plate_28.tif,33.873,19292.308,10720,31360
545,D3_01_1_1_Chlorophyll_plate_28.tif,31.267,16149.333,10400,22832
546,D3_01_1_1_Chlorophyll_plate_28.tif,31.267,21753.333,12400,37536
547,D3_01_1_1_Chlorophyll_plate_28.tif,26.056,21124.800,10544,29760
548,D3_01_1_1_Chlorophyll_plate_28.tif,33.873,28492.308,10496,57392
549,D3_01_1_1_Chlorophyll_plate_28.tif,26.056,15120.000,10480,23440
550,D3_01_1_1_Chlorophyll_plate_28.tif,31.267,20348.000,11296,33472
551,D3_01_1_1_Chlorophyll_plate_28.tif,28.661,22000.000,10720,35152
552,D3_01_1_1_Chlorophyll_plate_28.tif,49.506,23607.579,11712,45056
553,D3_01_1_1_Chlorophyll_plate_28.tif,31.267,20337.333,11504,36384
554,D3_01_1_1_Chlorophyll_plate_28.tif,33.873,20194.462,11936,32336
555,D3_01_1_1_Chlorophyll_plate_28.tif,33.873,19933.538,10832,31792
556,D3_01_1_1_Chlorophyll_plate_28.tif,28.661,22539.636,12400,34672
557,D3_01_1_1_Chlorophyll_plate_28.tif,33.873,21326.769,11696,34736
558,D3_01_1_1_Chlorophyll_plate_28.tif,26.056,16614.400,11056,23440
559,D3_01_1_1_Chlorophyll_plate_28.tif,26.056,18808.000,11472,29120
560,D3_01_1_1_Chlorophyll_plate_28.tif,31.267,16994.667,13328,26848
561,D3_01_1_1_Chlorophyll_plate_28.tif,26.056,15572.800,10448,21360
562,D3_01_1_1_Chlorophyll_plate_28.tif,26.056,20384.000,10736,35952
563,D3_01_1_1_Chlorophyll_plate_28.tif,26.056,17520.000,11408,23152
564,D3_01_1_1_Chlorophyll_plate_28.tif,26.056,22536.000,13440,35184
565,D3_01_1_1_Chlorophyll_plate_28.tif,39.084,20613.333,10512,33520
566,D3_01_1_1_Chlorophyll_plate_28.tif,44.295,19561.412,10688,28288
567,D3_01_1_1_Chlorophyll_plate_28.tif,31.267,19836.000,13184,29504
568,D3_01_1_1_Chlorophyll_plate_28.tif,26.056,19953.600,11664,29616
569,D3_01_1_1_Chlorophyll_plate_28.tif,39.084,21593.600,10384,35760
570,D3_01_1_1_Chlorophyll_plate_28.tif,33.873,21121.231,11344,36688
571,D3_01_1_1_Chlorophyll_plate_28.tif,67.745,24912.000,11696,43616
572,D3_01_1_1_Chlorophyll_plate_28.tif,49.506,21173.895,10512,36160
573,D3_01_1_1_Chlorophyll_plate_28.tif,31.267,19661.333,10560,31280
574,D3_01_1_1_Chlorophyll_plate_28.tif,36.478,19216.000,12528,28864
575,D3_01_1_1_Chlorophyll_plate_28.tif,36.478,22466.286,11008,39632
576,D3_01_1_1_Chlorophyll_plate_28.tif,44.295,23193.412,10928,39072
577,D3_01_1_1_Chlorophyll_plate_28.tif,52.112,20580.000,10400,39872
578,D3_01_1_1_Chlorophyll_plate_28.tif,31.267,18273.333,11264,27808
579,D3_01_1_1_Chlorophyll_plate_28.tif,26.056,16387.200,11440,23936
580,D3_01_1_1_Chlorophyll_plate_28.tif,44.295,23121.882,11744,35600
581,D3_01_1_1_Chlorophyll_plate_28.tif,31.267,18906.667,10384,29056
582,D3_01_1_1_Chlorophyll_plate_28.tif,31.267,18993.333,10672,31008
583,D3_01_1_1_Chlorophyll_plate_28.tif,28.661,19051.636,11264,26480
584,D3_01_1_1_Chlorophyll_plate_28.tif,62.534,26229.333,11200,49312
585,D3_01_1_1_Chlorophyll_plate_28.tif,31.267,17857.333,10512,27840
586,D3_01_1_1_Chlorophyll_plate_28.tif,26.056,18494.400,12144,32720
587,D3_01_1_1_Chlorophyll_plate_28.tif,39.084,17302.400,10720,27168
588,D3_01_1_1_Chlorophyll_plate_28.tif,26.056,19406.400,12448,31536
589,D3_01_1_1_Chlorophyll_plate_28.tif,26.056,16337.600,10864,22320
590,D3_01_1_1_Chlorophyll_plate_28.tif,28.661,19003.636,11248,33200
591,D3_01_1_1_Chlorophyll_plate_28.tif,31.267,20481.333,11680,30768
592,D3_01_1_1_Chlorophyll_plate_28.tif,49.506,23985.684,11184,43104
593,D3_01_1_1_Chlorophyll_plate_28.tif,36.478,23296.000,12480,37536
594,D3_01_1_1_Chlorophyll_plate_28.tif,36.478,18164.571,11488,28832
595,D3_01_1_1_Chlorophyll_plate_28.tif,26.056,18096.000,10368,33776
596,D3_01_1_1_Chlorophyll_plate_28.tif,26.056,18475.200,10800,30416
597,D3_01_1_1_Chlorophyll_plate_28.tif,36.478,18561.143,11008,28960
598,D3_01_1_1_Chlorophyll_plate_28.tif,28.661,14354.909,10336,20064
599,D3_01_1_1_Chlorophyll_plate_28.tif,39.084,34890.667,12864,65520
600,D3_01_1_1_Chlorophyll_plate_28.tif,46.900,21502.222,10848,36048
601,D3_01_1_1_Chlorophyll_plate_28.tif,26.056,20593.600,11712,34400
602,D3_01_1_1_Chlorophyll_plate_28.tif,31.267,22856.000,11696,39696
603,D3_01_1_1_Chlorophyll_plate_28.tif,31.267,17400.000,10512,26352
604,D3_01_1_1_Chlorophyll_plate_28.tif,33.873,23138.462,12384,39888
605,D3_01_1_1_Chlorophyll_plate_28.tif,26.056,14502.400,10512,21440
606,D3_01_1_1_Chlorophyll_plate_28.tif,31.267,19238.667,10560,33344
607,D3_01_1_1_Chlorophyll_plate_28.tif,54.717,17174.857,10912,26656
608,D3_01_1_1_Chlorophyll_plate_28.tif,26.056,18793.600,11952,27184
609,D3_01_1_1_Chlorophyll_plate_28.tif,39.084,21126.400,10784,31408
610,D3_01_1_1_Chlorophyll_plate_28.tif,36.478,20694.857,11792,29808
611,D3_01_1_1_Chlorophyll_plate_28.tif,26.056,18052.800,12064,27664
612,D3_01_1_1_Chlorophyll_plate_28.tif,33.873,19614.769,10832,33760
613,D3_01_1_1_Chlorophyll_plate_28.tif,41.689,20297.000,10848,35008
614,D3_01_1_1_Chlorophyll_plate_28.tif,31.267,21372.000,10768,32912
615,D3_01_1_1_Chlorophyll_plate_28.tif,28.661,22670.545,14384,35200
616,D3_01_1_1_Chlorophyll_plate_28.tif,28.661,18738.909,11168,31216
617,D3_01_1_1_Chlorophyll_plate_28.tif,41.689,24222.000,10768,44192
618,D3_01_1_1_Chlorophyll_plate_28.tif,70.351,21117.630,10768,34880
619,D3_01_1_1_Chlorophyll_plate_28.tif,28.661,18933.818,10688,34704
620,D3_01_1_1_Chlorophyll_plate_28.tif,28.661,15882.182,11728,21744
621,D3_01_1_1_Chlorophyll_plate_28.tif,36.478,25758.857,12544,42416
622,D3_01_1_1_Chlorophyll_plate_28.tif,26.056,16452.800,10384,25184
623,D3_01_1_1_Chlorophyll_plate_28.tif,28.661,18555.636,10880,29440
624,D3_01_1_1_Chlorophyll_plate_28.tif,59.928,28575.304,11552,53040
625,D3_01_1_1_Chlorophyll_plate_28.tif,36.478,22865.143,10512,37504
626,D3_01_1_1_Chlorophyll_plate_28.tif,33.873,22630.154,11696,38896
627,D3_01_1_1_Chlorophyll_plate_28.tif,31.267,18885.333,11088,31632
628,D3_01_1_1_Chlorophyll_plate_28.tif,28.661,15381.818,11024,22768
629,D3_01_1_1_Chlorophyll_plate_28.tif,26.056,23798.400,11808,42032
630,D3_01_1_1_Chlorophyll_plate_28.tif,28.661,19325.091,10800,32912
631,D3_01_1_1_Chlorophyll_plate_28.tif,28.661,20269.091,11648,33792
632,D3_01_1_1_Chlorophyll_plate_28.tif,28.661,19649.455,10336,31600
633,D3_01_1_1_Chlorophyll_plate_28.tif,44.295,24778.353,10592,45152
634,D3_01_1_1_Chlorophyll_plate_28.tif,26.056,21128.000,11280,33312
635,D3_01_1_1_Chlorophyll_plate_28.tif,28.661,17454.545,10560,24736
636,D3_01_1_1_Chlorophyll_plate_28.tif,39.084,24954.667,11152,40912
637,D3_01_1_1_Chlorophyll_plate_28.tif,26.056,17088.000,10336,23888
638,D3_01_1_1_Chlorophyll_plate_28.tif,26.056,19060.800,11104,27360
639,D3_01_1_1_Chlorophyll_plate_28.tif,46.900,20644.444,10592,32736
640,D3_01_1_1_Chlorophyll_plate_28.tif,31.267,26277.333,12064,46064
641,D3_01_1_1_Chlorophyll_plate_28.tif,26.056,18206.400,12976,28128
642,D3_01_1_1_Chlorophyll_plate_28.tif,26.056,19611.200,11056,29120
643,D3_01_1_1_Chlorophyll_plate_28.tif,26.056,19446.400,10560,32128
644,D3_01_1_1_Chlorophyll_plate_28.tif,26.056,22251.200,10752,36064
645,D3_01_1_1_Chlorophyll_plate_28.tif,26.056,18020.800,10560,25728
646,D3_01_1_1_Chlorophyll_plate_28.tif,36.478,19981.714,10624,35792
647,D3_01_1_1_Chlorophyll_plate_28.tif,36.478,23014.857,11616,39392
648,D3_01_1_1_Chlorophyll_plate_28.tif,26.056,14897.600,10672,20480
649,D3_01_1_1_Chlorophyll_plate_28.tif,33.873,22974.769,12256,40608
650,D3_01_1_1_Chlorophyll_plate_28.tif,31.267,21597.333,10720,34800
651,D3_01_1_1_Chlorophyll_plate_28.tif,36.478,19896.000,11152,29520
652,D3_01_1_1_Chlorophyll_plate_28.tif,26.056,16870.400,11184,24800
653,D3_01_1_1_Chlorophyll_plate_28.tif,26.056,16419.200,11264,26144
654,D3_01_1_1_Chlorophyll_plate_28.tif,26.056,17252.800,11104,25664
655,D3_01_1_1_Chlorophyll_plate_28.tif,26.056,16470.400,10544,23840
656,D3_01_1_1_Chlorophyll_plate_28.tif,54.717,18582.095,10768,32272
657,D3_01_1_1_Chlorophyll_plate_28.tif,54.717,23065.143,13344,37792
658,D3_01_1_1_Chlorophyll_plate_28.tif,41.689,20639.000,11936,31568
659,D3_01_1_1_Chlorophyll_plate_28.tif,33.873,20641.231,10944,33280
660,D3_01_1_1_Chlorophyll_plate_28.tif,26.056,16657.600,10560,27632
661,D3_01_1_1_Chlorophyll_plate_28.tif,36.478,18318.857,11712,28368
662,D3_01_1_1_Chlorophyll_plate_28.tif,31.267,19360.000,13504,29120
663,D3_01_1_1_Chlorophyll_plate_28.tif,70.351,23963.852,10576,47792
664,D3_01_1_1_Chlorophyll_plate_28.tif,46.900,21043.556,12704,39584
665,D3_01_1_1_Chlorophyll_plate_28.tif,39.084,26230.400,11968,50336
666,D3_01_1_1_Chlorophyll_plate_28.tif,26.056,16588.800,10640,26176
667,D3_01_1_1_Chlorophyll_plate_28.tif,54.717,22556.190,12192,39088
668,D3_01_1_1_Chlorophyll_plate_28.tif,26.056,16276.800,10432,24224
669,D3_01_1_1_Chlorophyll_plate_28.tif,54.717,19923.810,10720,42000
670,D3_01_1_1_Chlorophyll_plate_28.tif,36.478,17764.571,10848,28768
671,D3_01_1_1_Chlorophyll_plate_28.tif,28.661,21378.909,11424,33600
672,D3_01_1_1_Chlorophyll_plate_28.tif,33.873,22270.769,11936,38256
673,D3_01_1_1_Chlorophyll_plate_28.tif,31.267,21692.000,11056,34128
674,D3_01_1_1_Chlorophyll_plate_28.tif,33.873,19741.538,11312,33760
675,D3_01_1_1_Chlorophyll_plate_28.tif,28.661,17924.364,12208,28864
676,D3_01_1_1_Chlorophyll_plate_28.tif,33.873,24456.615,11888,42800
677,D3_01_1_1_Chlorophyll_plate_28.tif,39.084,19873.067,11136,28496
678,D3_01_1_1_Chlorophyll_plate_28.tif,44.295,17565.176,10864,25488
679,D3_01_1_1_Chlorophyll_plate_28.tif,31.267,21708.000,11136,35536
680,D3_01_1_1_Chlorophyll_plate_28.tif,26.056,21793.600,12128,35504
681,D3_01_1_1_Chlorophyll_plate_28.tif,41.689,23406.000,11808,38528
682,D3_01_1_1_Chlorophyll_plate_28.tif,44.295,19381.647,10592,29840
683,D3_01_1_1_Chlorophyll_plate_28.tif,31.267,22846.667,12240,40000
684,D3_01_1_1_Chlorophyll_plate_28.tif,31.267,17373.333,11104,22656
685,D3_01_1_1_Chlorophyll_plate_28.tif,33.873,25351.385,13184,45776
686,D3_01_1_1_Chlorophyll_plate_28.tif,28.661,17172.364,11136,26256
687,D3_01_1_1_Chlorophyll_plate_28.tif,28.661,20272.000,10384,33536
688,D3_01_1_1_Chlorophyll_plate_28.tif,78.167,23493.867,11360,44672
689,D3_01_1_1_Chlorophyll_plate_28.tif,57.323,19578.182,10624,33008
690,D3_01_1_1_Chlorophyll_plate_28.tif,39.084,18670.933,10784,26848
691,D3_01_1_1_Chlorophyll_plate_28.tif,31.267,18401.333,11024,25872
692,D3_01_1_1_Chlorophyll_plate_28.tif,114.646,21989.091,10432,46144
693,D3_01_1_1_Chlorophyll_plate_28.tif,33.873,22460.308,11184,34768
694,D3_01_1_1_Chlorophyll_plate_28.tif,28.661,18501.818,11952,26080
695,D3_01_1_1_Chlorophyll_plate_28.tif,28.661,20663.273,12016,33904
696,D3_01_1_1_Chlorophyll_plate_28.tif,36.478,16761.143,10496,23888
697,D3_01_1_1_Chlorophyll_plate_28.tif,33.873,20841.846,12480,31168
698,D3_01_1_1_Chlorophyll_plate_28.tif,72.956,26925.143,10912,55520
699,D3_01_1_1_Chlorophyll_plate_28.tif,41.689,21260.000,11424,33824
700,D3_01_1_1_Chlorophyll_plate_28.tif,44.295,14963.765,10960,20240
701,D3_01_1_1_Chlorophyll_plate_28.tif,36.478,19699.429,11456,28528
702,D3_01_1_1_Chlorophyll_plate_28.tif,41.689,21025.000,10432,38544
703,D3_01_1_1_Chlorophyll_plate_28.tif,28.661,18334.545,11248,27600
704,D3_01_1_1_Chlorophyll_plate_28.tif,33.873,19115.077,11280,28944
705,D3_01_1_1_Chlorophyll_plate_28.tif,31.267,21044.000,10400,31952
706,D3_01_1_1_Chlorophyll_plate_28.tif,39.084,21037.867,11648,33840
707,D3_01_1_1_Chlorophyll_plate_28.tif,88.590,23538.353,10640,47760
708,D3_01_1_1_Chlorophyll_plate_28.tif,33.873,18761.846,10928,31456
709,D3_01_1_1_Chlorophyll_plate_28.tif,31.267,20858.667,10800,33424
710,D3_01_1_1_Chlorophyll_plate_28.tif,31.267,19842.667,10544,30784
711,D3_01_1_1_Chlorophyll_plate_28.tif,28.661,17835.636,11328,27536
712,D3_01_1_1_Chlorophyll_plate_28.tif,46.900,18743.111,10384,35056
713,D3_01_1_1_Chlorophyll_plate_28.tif,41.689,19350.000,10768,32720
714,D3_01_1_1_Chlorophyll_plate_28.tif,26.056,24049.600,10592,39008
715,D3_01_1_1_Chlorophyll_plate_28.tif,33.873,22567.385,12304,35552
716,D3_01_1_1_Chlorophyll_plate_28.tif,41.689,26741.000,11696,48976
717,D3_01_1_1_Chlorophyll_plate_28.tif,31.267,22330.667,13168,37808
718,D3_01_1_1_Chlorophyll_plate_28.tif,91.195,20181.486,10656,34400
719,D3_01_1_1_Chlorophyll_plate_28.tif,44.295,23170.824,11136,40912
720,D3_01_1_1_Chlorophyll_plate_28.tif,41.689,24801.000,12960,44784
721,D3_01_1_1_Chlorophyll_plate_28.tif,59.928,22423.652,10848,38800
722,D3_01_1_1_Chlorophyll_plate_28.tif,46.900,22138.667,10560,36528
723,D3_01_1_1_Chlorophyll_plate_28.tif,46.900,19680.000,10544,31648
724,D3_01_1_1_Chlorophyll_plate_28.tif,28.661,14448.000,10336,23344
725,D3_01_1_1_Chlorophyll_plate_28.tif,26.056,13996.800,10464,18720
726,D3_01_1_1_Chlorophyll_plate_28.tif,36.478,25091.429,10720,44448
727,D3_01_1_1_Chlorophyll_plate_28.tif,31.267,17989.333,10720,28240
728,D3_01_1_1_Chlorophyll_plate_28.tif,41.689,27302.000,10896,43392
729,D3_01_1_1_Chlorophyll_plate_28.tif,26.056,18468.800,11584,24304
730,D3_01_1_1_Chlorophyll_plate_28.tif,26.056,20057.600,13392,28592
731,D3_01_1_1_Chlorophyll_plate_28.tif,26.056,18809.600,11392,32416
732,D3_01_1_1_Chlorophyll_plate_28.tif,41.689,18426.000,11152,28112
733,D3_01_1_1_Chlorophyll_plate_28.tif,33.873,21968.000,11696,33248
734,D3_01_1_1_Chlorophyll_plate_28.tif,39.084,21429.333,11184,36544
735,D3_01_1_1_Chlorophyll_plate_28.tif,33.873,20402.462,10704,33408
736,D3_01_1_1_Chlorophyll_plate_28.tif,41.689,25269.000,13840,42720
737,D3_01_1_1_Chlorophyll_plate_28.tif,26.056,22113.600,10464,38144
738,D3_01_1_1_Chlorophyll_plate_28.tif,36.478,19557.714,11328,30816
739,D3_01_1_1_Chlorophyll_plate_28.tif,52.112,22586.400,11696,36928
740,D3_01_1_1_Chlorophyll_plate_28.tif,26.056,18996.800,10352,27344
741,D3_01_1_1_Chlorophyll_plate_28.tif,36.478,22165.714,10720,36144
742,D3_01_1_1_Chlorophyll_plate_28.tif,36.478,26198.857,11856,43408
743,D3_01_1_1_Chlorophyll_plate_28.tif,28.661,18866.909,11136,28960
744,D3_01_1_1_Chlorophyll_plate_28.tif,41.689,18510.000,10640,29840
745,D3_01_1_1_Chlorophyll_plate_28.tif,41.689,22709.000,10944,39440
746,D3_01_1_1_Chlorophyll_plate_28.tif,36.478,19782.857,10704,34672
747,D3_01_1_1_Chlorophyll_plate_28.tif,26.056,17788.800,11008,25984
748,D3_01_1_1_Chlorophyll_plate_28.tif,46.900,22746.667,10672,43392
749,D3_01_1_1_Chlorophyll_plate_28.tif,28.661,18250.182,12176,24112
750,D3_01_1_1_Chlorophyll_plate_28.tif,26.056,16224.000,10736,22176
751,D3_01_1_1_Chlorophyll_plate_28.tif,49.506,25056.842,10736,41440
752,D3_01_1_1_Chlorophyll_plate_28.tif,28.661,18011.636,11152,26640
753,D3_01_1_1_Chlorophyll_plate_28.tif,26.056,19830.400,12464,30992
754,D3_01_1_1_Chlorophyll_plate_28.tif,36.478,22437.714,10960,39392
755,D3_01_1_1_Chlorophyll_plate_28.tif,39.084,19072.000,11104,29792
756,D3_01_1_1_Chlorophyll_plate_28.tif,26.056,20873.600,11872,35952
757,D3_01_1_1_Chlorophyll_plate_28.tif,33.873,19846.154,10448,33504
758,D3_01_1_1_Chlorophyll_plate_28.tif,28.661,21010.909,11824,31392
759,D3_01_1_1_Chlorophyll_plate_28.tif,26.056,20235.200,12128,31088
760,D3_01_1_1_Chlorophyll_plate_28.tif,26.056,22752.000,11872,39648
761,D3_01_1_1_Chlorophyll_plate_28.tif,41.689,22788.000,10944,35536
762,D3_01_1_1_Chlorophyll_plate_28.tif,28.661,16288.000,10496,21776
763,D3_01_1_1_Chlorophyll_plate_28.tif,28.661,18416.000,11088,29680
764,D3_01_1_1_Chlorophyll_plate_28.tif,28.661,20359.273,11056,34528
765,D3_01_1_1_Chlorophyll_plate_28.tif,26.056,15800.000,10528,20688
766,D3_01_1_1_Chlorophyll_plate_28.tif,49.506,22450.526,11024,39008
767,D3_01_1_1_Chlorophyll_plate_28.tif,28.661,18240.000,11200,25840
768,D3_01_1_1_Chlorophyll_plate_28.tif,28.661,19998.545,10976,33744
769,D3_01_1_1_Chlorophyll_plate_28.tif,28.661,16864.000,11040,23248
770,D3_01_1_1_Chlorophyll_plate_28.tif,31.267,15924.000,10768,22096
771,D3_01_1_1_Chlorophyll_plate_28.tif,54.717,19571.048,10416,33248
772,D3_01_1_1_Chlorophyll_plate_28.tif,26.056,20449.600,10912,32432
773,D3_01_1_1_Chlorophyll_plate_28.tif,46.900,19584.000,10816,31008
774,D3_01_1_1_Chlorophyll_plate_28.tif,26.056,17548.800,11248,26992
775,D3_01_1_1_Chlorophyll_plate_28.tif,36.478,22958.857,12944,37472
776,D3_01_1_1_Chlorophyll_plate_28.tif,39.084,19034.667,11440,27904
777,D3_01_1_1_Chlorophyll_plate_28.tif,31.267,18093.333,10464,31168
778,D3_01_1_1_Chlorophyll_plate_28.tif,31.267,17854.667,11360,25552
779,D3_01_1_1_Chlorophyll_plate_28.tif,36.478,22854.857,10752,38960
780,D3_01_1_1_Chlorophyll_plate_28.tif,54.717,22516.571,10608,44576
781,D3_01_1_1_Chlorophyll_plate_28.tif,46.900,22293.333,11264,35840
782,D3_01_1_1_Chlorophyll_plate_28.tif,31.267,21077.333,10368,32704
783,D3_01_1_1_Chlorophyll_plate_28.tif,28.661,18740.364,11808,29920
784,D3_01_1_1_Chlorophyll_plate_28.tif,28.661,19288.727,12400,31904
785,D3_01_1_1_Chlorophyll_plate_28.tif,26.056,18068.800,10464,30080
786,D3_01_1_1_Chlorophyll_plate_28.tif,46.900,18608.889,10448,37344
787,D3_01_1_1_Chlorophyll_plate_28.tif,26.056,23529.600,11424,40928
788,D3_01_1_1_Chlorophyll_plate_28.tif,31.267,20636.000,12656,36080
789,D3_01_1_1_Chlorophyll_plate_28.tif,31.267,21980.000,10448,34496
790,D3_01_1_1_Chlorophyll_plate_28.tif,41.689,18433.000,10576,32368
791,D3_01_1_1_Chlorophyll_plate_28.tif,31.267,21345.333,10336,39632
792,D3_01_1_1_Chlorophyll_plate_28.tif,44.295,29867.294,12320,50864
793,D3_01_1_1_Chlorophyll_plate_28.tif,46.900,17424.000,10384,28848
794,D3_01_1_1_Chlorophyll_plate_28.tif,33.873,18800.000,10368,28176
795,D3_01_1_1_Chlorophyll_plate_28.tif,57.323,18046.545,11056,30896
796,D3_01_1_1_Chlorophyll_plate_28.tif,26.056,24827.200,13056,45872
797,D3_01_1_1_Chlorophyll_plate_28.tif,26.056,16768.000,10432,27792
798,D3_01_1_1_Chlorophyll_plate_28.tif,39.084,20155.733,10608,33600
799,D3_01_1_1_Chlorophyll_plate_28.tif,31.267,20294.667,12704,32000
800,D3_01_1_1_Chlorophyll_plate_28.tif,39.084,17243.733,10464,26464
801,D3_01_1_1_Chlorophyll_plate_28.tif,33.873,27012.923,11856,46656
802,D3_01_1_1_Chlorophyll_plate_28.tif,39.084,20125.867,11584,30128
803,D3_01_1_1_Chlorophyll_plate_28.tif,44.295,21422.118,11632,32704
804,D3_01_1_1_Chlorophyll_plate_28.tif,36.478,22075.429,11184,35504
805,D3_01_1_1_Chlorophyll_plate_28.tif,28.661,16416.000,10384,25424
806,D3_01_1_1_Chlorophyll_plate_28.tif,26.056,17352.000,10368,26608
807,D3_01_1_1_Chlorophyll_plate_28.tif,49.506,19197.474,10336,39232
808,D3_01_1_1_Chlorophyll_plate_28.tif,33.873,16424.615,10480,28256
809,D3_01_1_1_Chlorophyll_plate_28.tif,49.506,20965.053,10896,34416
810,D3_01_1_1_Chlorophyll_plate_28.tif,39.084,19230.933,10976,33840
811,D3_01_1_1_Chlorophyll_plate_28.tif,54.717,20480.000,10512,40336
812,D3_01_1_1_Chlorophyll_plate_28.tif,49.506,24343.579,10912,40880
813,D3_01_1_1_Chlorophyll_plate_28.tif,28.661,23982.545,12096,39248
814,D3_01_1_1_Chlorophyll_plate_28.tif,31.267,19412.000,10608,30352
815,D3_01_1_1_Chlorophyll_plate_28.tif,26.056,19488.000,10352,30032
816,D3_01_1_1_Chlorophyll_plate_28.tif,26.056,17747.200,10560,28048
817,D3_01_1_1_Chlorophyll_plate_28.tif,36.478,25284.571,10816,40688
818,D3_01_1_1_Chlorophyll_plate_28.tif,26.056,17923.200,10368,29424
819,D3_01_1_1_Chlorophyll_plate_28.tif,26.056,20025.600,12144,32416
820,D3_01_1_1_Chlorophyll_plate_28.tif,31.267,17453.333,11376,25776
821,D3_01_1_1_Chlorophyll_plate_28.tif,31.267,17932.000,10608,27376
822,D3_01_1_1_Chlorophyll_plate_28.tif,26.056,16780.800,11696,24448
823,D3_01_1_1_Chlorophyll_plate_28.tif,28.661,18619.636,12496,24816
824,D3_01_1_1_Chlorophyll_plate_28.tif,26.056,18737.600,10992,31760
825,D3_01_1_1_Chlorophyll_plate_28.tif,36.478,20044.571,11520,30224
826,D3_01_1_1_Chlorophyll_plate_28.tif,26.056,18678.400,10896,29072
827,D3_01_1_1_Chlorophyll_plate_28.tif,39.084,18776.533,10752,31776
828,D3_01_1_1_Chlorophyll_plate_28.tif,39.084,22273.067,12960,34560
829,D3_01_1_1_Chlorophyll_plate_28.tif,31.267,16762.667,11296,23680
830,D3_01_1_1_Chlorophyll_plate_28.tif,31.267,18346.667,10512,30384
831,D3_01_1_1_Chlorophyll_plate_28.tif,59.928,18315.826,10336,29856
832,D3_01_1_1_Chlorophyll_plate_28.tif,28.661,21588.364,12640,35088
833,D3_01_1_1_Chlorophyll_plate_28.tif,80.773,21393.032,10720,41824
834,D3_01_1_1_Chlorophyll_plate_28.tif,46.900,20784.889,10352,35696
835,D3_01_1_1_Chlorophyll_plate_28.tif,46.900,19912.889,10912,33024
836,D3_01_1_1_Chlorophyll_plate_28.tif,26.056,20926.400,10512,35808
837,D3_01_1_1_Chlorophyll_plate_28.tif,39.084,21512.533,10992,36128
838,D3_01_1_1_Chlorophyll_plate_28.tif,72.956,24715.429,10976,45952
839,D3_01_1_1_Chlorophyll_plate_28.tif,44.295,18586.353,10592,29664
840,D3_01_1_1_Chlorophyll_plate_28.tif,31.267,17318.667,10416,25824
841,D3_01_1_1_Chlorophyll_plate_28.tif,31.267,19442.667,10512,32096
842,D3_01_1_1_Chlorophyll_plate_28.tif,26.056,16126.400,10960,22928
843,D3_01_1_1_Chlorophyll_plate_28.tif,28.661,17073.455,11200,23424
844,D3_01_1_1_Chlorophyll_plate_28.tif,36.478,25208.000,11648,44400
845,D3_01_1_1_Chlorophyll_plate_28.tif,26.056,15091.200,10480,22080
846,D3_01_1_1_Chlorophyll_plate_28.tif,36.478,16525.714,10352,25056
847,D3_01_1_1_Chlorophyll_plate_28.tif,39.084,22231.467,11200,35952
848,D3_01_1_1_Chlorophyll_plate_28.tif,31.267,22316.000,14544,36816
849,D3_01_1_1_Chlorophyll_plate_28.tif,26.056,25864.000,12448,40848
850,D3_01_1_1_Chlorophyll_plate_28.tif,28.661,23250.909,12800,36176
851,D3_01_1_1_Chlorophyll_plate_28.tif,28.661,18999.273,10912,31360
852,D3_01_1_1_Chlorophyll_plate_28.tif,33.873,22220.308,11792,36880
853,D3_01_1_1_Chlorophyll_plate_28.tif,41.689,20181.000,11072,32080
854,D3_01_1_1_Chlorophyll_plate_28.tif,26.056,21660.800,10448,31744
855,D3_01_1_1_Chlorophyll_plate_28.tif,33.873,22130.462,10944,36384
856,D3_01_1_1_Chlorophyll_plate_28.tif,33.873,17545.846,10496,29920
857,D3_01_1_1_Chlorophyll_plate_28.tif,36.478,21324.571,10944,35472
858,D3_01_1_1_Chlorophyll_plate_28.tif,31.267,27440.000,12848,46800
859,D3_01_1_1_Chlorophyll_plate_28.tif,31.267,17769.333,10512,28064
860,D3_01_1_1_Chlorophyll_plate_28.tif,33.873,17586.462,10864,26224
861,D3_01_1_1_Chlorophyll_plate_28.tif,67.745,17675.077,10352,28528
862,D3_01_1_1_Chlorophyll_plate_28.tif,39.084,20838.400,10464,35760
863,D3_01_1_1_Chlorophyll_plate_28.tif,33.873,16492.308,10880,22736
864,D3_01_1_1_Chlorophyll_plate_28.tif,39.084,17155.200,10336,28000
865,D3_01_1_1_Chlorophyll_plate_28.tif,33.873,19209.846,11536,28912
866,D3_01_1_1_Chlorophyll_plate_28.tif,28.661,18578.909,10688,27456
867,D3_01_1_1_Chlorophyll_plate_28.tif,28.661,18542.545,10384,29280
868,D3_01_1_1_Chlorophyll_plate_28.tif,41.689,31534.000,12272,53408
869,D3_01_1_1_Chlorophyll_plate_28.tif,26.056,19880.000,11456,31728
870,D3_01_1_1_Chlorophyll_plate_28.tif,31.267,24714.667,10432,43056
871,D3_01_1_1_Chlorophyll_plate_28.tif,28.661,19925.818,12144,28848
872,D3_01_1_1_Chlorophyll_plate_28.tif,33.873,19031.385,10448,26864
873,D3_01_1_1_Chlorophyll_plate_28.tif,39.084,29622.400,11360,47680
874,D3_01_1_1_Chlorophyll_plate_28.tif,26.056,18110.400,11872,24192
875,D3_01_1_1_Chlorophyll_plate_28.tif,44.295,17224.471,10368,31264
876,D3_01_1_1_Chlorophyll_plate_28.tif,33.873,17382.154,10608,27216
877,D3_01_1_1_Chlorophyll_plate_28.tif,33.873,23451.077,10352,39344
878,D3_01_1_1_Chlorophyll_plate_28.tif,28.661,18261.818,11440,26400
879,D3_01_1_1_Chlorophyll_plate_28.tif,28.661,21325.091,11280,36752
880,D3_01_1_1_Chlorophyll_plate_28.tif,36.478,19644.571,10448,35744
881,D3_01_1_1_Chlorophyll_plate_28.tif,36.478,18329.143,12256,25008
882,D3_01_1_1_Chlorophyll_plate_28.tif,36.478,17924.571,10560,29312
883,D3_01_1_1_Chlorophyll_plate_28.tif,33.873,15782.154,10400,23952
884,D3_01_1_1_Chlorophyll_plate_28.tif,26.056,20683.200,10880,35296
885,D3_01_1_1_Chlorophyll_plate_28.tif,44.295,18542.118,11088,29680
886,D3_01_1_1_Chlorophyll_plate_28.tif,33.873,18576.000,10544,29312
887,D3_01_1_1_Chlorophyll_plate_28.tif,39.084,21488.000,10624,34688
888,D3_01_1_1_Chlorophyll_plate_28.tif,41.689,19372.000,10512,31328
889,D3_01_1_1_Chlorophyll_plate_28.tif,26.056,16291.200,11840,22416
890,D3_01_1_1_Chlorophyll_plate_28.tif,39.084,27768.533,13696,47664
891,D3_01_1_1_Chlorophyll_plate_28.tif,31.267,19218.667,11808,30832
892,D3_01_1_1_Chlorophyll_plate_28.tif,52.112,24997.600,11056,44656
893,D3_01_1_1_Chlorophyll_plate_28.tif,44.295,23510.588,11344,38304
894,D3_01_1_1_Chlorophyll_plate_28.tif,28.661,19176.727,10976,31136
895,D3_01_1_1_Chlorophyll_plate_28.tif,31.267,21661.333,13280,34368
896,D3_01_1_1_Chlorophyll_plate_28.tif,28.661,20162.909,10928,32656
897,D3_01_1_1_Chlorophyll_plate_28.tif,28.661,18542.545,10976,30784
898,D3_01_1_1_Chlorophyll_plate_28.tif,26.056,20635.200,14320,32464
899,D3_01_1_1_Chlorophyll_plate_28.tif,31.267,22189.333,11008,36896
900,D3_01_1_1_Chlorophyll_plate_28.tif,62.534,27977.333,11840,48912
901,D3_01_1_1_Chlorophyll_plate_28.tif,31.267,15554.667,10912,22992
902,D3_01_1_1_Chlorophyll_plate_28.tif,83.379,20939.500,10928,38784
903,D3_01_1_1_Chlorophyll_plate_28.tif,26.056,18894.400,10752,27552
904,D3_01_1_1_Chlorophyll_plate_28.tif,33.873,17547.077,11056,29296
905,D3_01_1_1_Chlorophyll_plate_28.tif,41.689,18822.000,10592,32624
906,D3_01_1_1_Chlorophyll_plate_28.tif,46.900,20957.333,10416,34560
907,D3_01_1_1_Chlorophyll_plate_28.tif,36.478,23412.571,13264,44480
908,D3_01_1_1_Chlorophyll_plate_28.tif,36.478,22017.143,11408,38048
909,D3_01_1_1_Chlorophyll_plate_28.tif,36.478,29366.857,12944,54864
910,D3_01_1_1_Chlorophyll_plate_28.tif,26.056,22832.000,10352,40144
911,D3_01_1_1_Chlorophyll_plate_28.tif,28.661,20417.455,12160,32976
912,D3_01_1_1_Chlorophyll_plate_28.tif,31.267,18970.667,11104,29472
913,D3_01_1_1_Chlorophyll_plate_28.tif,28.661,20594.909,10976,35328
914,D3_01_1_1_Chlorophyll_plate_28.tif,33.873,17372.308,12384,26480
915,D3_01_1_1_Chlorophyll_plate_28.tif,67.745,19643.077,10880,30944
916,D3_01_1_1_Chlorophyll_plate_28.tif,36.478,16529.143,10928,21840
917,D3_01_1_1_Chlorophyll_plate_28.tif,28.661,17268.364,10448,29248
918,D3_01_1_1_Chlorophyll_plate_28.tif,41.689,20531.000,13600,33248
919,D3_01_1_1_Chlorophyll_plate_28.tif,33.873,18663.385,10624,30784
920,D3_01_1_1_Chlorophyll_plate_28.tif,46.900,22165.333,11360,39504
921,D3_01_1_1_Chlorophyll_plate_28.tif,33.873,16934.154,10448,26112
922,D3_01_1_1_Chlorophyll_plate_28.tif,41.689,25053.000,11104,50528
923,D3_01_1_1_Chlorophyll_plate_28.tif,70.351,19028.741,10496,30288
924,D3_01_1_1_Chlorophyll_plate_28.tif,41.689,23861.000,12832,36128
925,D3_01_1_1_Chlorophyll_plate_28.tif,44.295,25081.412,11536,45936
926,D3_01_1_1_Chlorophyll_plate_28.tif,57.323,27031.273,12192,46640
927,D3_01_1_1_Chlorophyll_plate_28.tif,28.661,16789.818,10384,26432
928,D3_01_1_1_Chlorophyll_plate_28.tif,41.689,20902.000,10496,35312
929,D3_01_1_1_Chlorophyll_plate_28.tif,28.661,21793.455,10992,34912
930,D3_01_1_1_Chlorophyll_plate_28.tif,39.084,16759.467,10640,28480
931,D3_01_1_1_Chlorophyll_plate_28.tif,28.661,19396.364,11168,29904
932,D3_01_1_1_Chlorophyll_plate_28.tif,49.506,20789.053,10672,36464
933,D3_01_1_1_Chlorophyll_plate_28.tif,28.661,18378.182,12624,26768
934,D3_01_1_1_Chlorophyll_plate_28.tif,39.084,17874.133,10736,25312
935,D3_01_1_1_Chlorophyll_plate_28.tif,26.056,18190.400,10448,30400
936,D3_01_1_1_Chlorophyll_plate_28.tif,41.689,21160.000,10608,41952
937,D3_01_1_1_Chlorophyll_plate_28.tif,26.056,18361.600,10544,30336
938,D3_01_1_1_Chlorophyll_plate_28.tif,36.478,18292.571,11104,26208
939,D3_01_1_1_Chlorophyll_plate_28.tif,33.873,23073.231,11344,40992
940,D3_01_1_1_Chlorophyll_plate_28.tif,33.873,25320.615,11168,43696
941,D3_01_1_1_Chlorophyll_plate_28.tif,31.267,19820.000,10880,30832
942,D3_01_1_1_Chlorophyll_plate_28.tif,57.323,19104.000,10832,32048
943,D3_01_1_1_Chlorophyll_plate_28.tif,26.056,18984.000,11120,30096
944,D3_01_1_1_Chlorophyll_plate_28.tif,26.056,14156.800,10512,19360
945,D3_01_1_1_Chlorophyll_plate_28.tif,44.295,21136.941,10608,32720
946,D3_01_1_1_Chlorophyll_plate_28.tif,41.689,22042.000,12000,32224
947,D3_01_1_1_Chlorophyll_plate_28.tif,26.056,16345.600,10608,22608
948,D3_01_1_1_Chlorophyll_plate_28.tif,28.661,22200.727,10560,40208
949,D3_01_1_1_Chlorophyll_plate_28.tif,57.323,21264.000,10432,36832
950,D3_01_1_1_Chlorophyll_plate_28.tif,28.661,17550.545,12528,24080
951,D3_01_1_1_Chlorophyll_plate_28.tif,26.056,15660.800,10368,20528
952,D3_01_1_1_Chlorophyll_plate_28.tif,52.112,23330.400,11616,37040
953,D3_01_1_1_Chlorophyll_plate_28.tif,33.873,18208.000,11456,27840
954,D3_01_1_1_Chlorophyll_plate_28.tif,46.900,23919.111,10976,39760
955,D3_01_1_1_Chlorophyll_plate_28.tif,41.689,26570.000,11344,46464
956,D3_01_1_1_Chlorophyll_plate_28.tif,28.661,19517.091,11760,30448
957,D3_01_1_1_Chlorophyll_plate_28.tif,39.084,18892.800,10496,28512
958,D3_01_1_1_Chlorophyll_plate_28.tif,33.873,18190.769,11984,25120
959,D3_01_1_1_Chlorophyll_plate_28.tif,26.056,16390.400,10512,24032
960,D3_01_1_1_Chlorophyll_plate_28.tif,36.478,22089.143,10848,37600
961,D3_01_1_1_Chlorophyll_plate_28.tif,44.295,31090.824,11968,53632
962,D3_01_1_1_Chlorophyll_plate_28.tif,44.295,22575.059,11120,35920
963,D3_01_1_1_Chlorophyll_plate_28.tif,28.661,19188.364,12416,28272
964,D3_01_1_1_Chlorophyll_plate_28.tif,26.056,19867.200,10992,32672
965,D3_01_1_1_Chlorophyll_plate_28.tif,26.056,22483.200,14960,34352
966,D3_01_1_1_Chlorophyll_plate_28.tif,36.478,20461.714,10736,32480
967,D3_01_1_1_Chlorophyll_plate_28.tif,26.056,16369.600,10512,25008
968,D3_01_1_1_Chlorophyll_plate_28.tif,44.295,23228.235,10512,40720
969,D3_01_1_1_Chlorophyll_plate_28.tif,46.900,25754.667,10480,44336
970,D3_01_1_1_Chlorophyll_plate_28.tif,33.873,18097.231,11008,29680
971,D3_01_1_1_Chlorophyll_plate_28.tif,26.056,21240.000,13696,31984
972,D3_01_1_1_Chlorophyll_plate_28.tif,39.084,21287.467,11136,35984
973,D3_01_1_1_Chlorophyll_plate_28.tif,26.056,20140.800,10560,34160
974,D3_01_1_1_Chlorophyll_plate_28.tif,33.873,24091.077,13136,39392
975,D3_01_1_1_Chlorophyll_plate_28.tif,26.056,19011.200,12080,31056
976,D3_01_1_1_Chlorophyll_plate_28.tif,28.661,24715.636,10528,39360
977,D3_01_1_1_Chlorophyll_plate_28.tif,26.056,21502.400,10752,31552
978,D3_01_1_1_Chlorophyll_plate_28.tif,36.478,16932.571,10416,26496
979,D3_01_1_1_Chlorophyll_plate_28.tif,33.873,21979.077,10480,40560
980,D3_01_1_1_Chlorophyll_plate_28.tif,41.689,17219.000,10368,30080
981,D3_01_1_1_Chlorophyll_plate_28.tif,26.056,22312.000,11520,37472
982,D3_01_1_1_Chlorophyll_plate_28.tif,44.295,18481.882,10400,30352
983,D3_01_1_1_Chlorophyll_plate_28.tif,33.873,17928.615,10960,28224
984,D3_01_1_1_Chlorophyll_plate_28.tif,33.873,24396.308,11232,39536
985,D3_01_1_1_Chlorophyll_plate_28.tif,26.056,21344.000,11040,32912
986,D3_01_1_1_Chlorophyll_plate_28.tif,26.056,18092.800,10720,27696
987,D3_01_1_1_Chlorophyll_plate_28.tif,36.478,21752.000,10368,41264
988,D3_01_1_1_Chlorophyll_plate_28.tif,46.900,20495.111,10720,37904
989,D3_01_1_1_Chlorophyll_plate_28.tif,28.661,18192.000,11056,26656
990,D3_01_1_1_Chlorophyll_plate_28.tif,31.267,17262.667,12912,28288
991,D3_01_1_1_Chlorophyll_plate_28.tif,36.478,16645.714,10928,26560
992,D3_01_1_1_Chlorophyll_plate_28.tif,26.056,18305.600,10528,29888
993,D3_01_1_1_Chlorophyll_plate_28.tif,26.056,16889.600,11088,23504
994,D3_01_1_1_Chlorophyll_plate_28.tif,26.056,19297.600,12016,24304
995,D3_01_1_1_Chlorophyll_plate_28.tif,26.056,20979.200,12544,32560
996,D3_01_1_1_Chlorophyll_plate_28.tif,33.873,15474.462,10512,21472
997,D3_01_1_1_Chlorophyll_plate_28.tif,39.084,20651.733,11008,34368
998,D3_01_1_1_Chlorophyll_plate_28.tif,31.267,18236.000,10704,26240
999,D3_01_1_1_Chlorophyll_plate_28.tif,39.084,21353.600,10960,34528
1000,D3_01_1_1_Chlorophyll_plate_28.tif,44.295,24338.824,13216,37920
1001,D3_01_1_1_Chlorophyll_plate_28.tif,33.873,15353.846,10464,20864
1002,D3_01_1_1_Chlorophyll_plate_28.tif,26.056,17113.600,11568,28640
1003,D3_01_1_1_Chlorophyll_plate_28.tif,41.689,17877.000,10672,26656
1004,D3_01_1_1_Chlorophyll_plate_28.tif,36.478,19789.714,11776,33424
1005,D3_01_1_1_Chlorophyll_plate_28.tif,33.873,17620.923,12848,24336
1006,D3_01_1_1_Chlorophyll_plate_28.tif,44.295,19302.588,11200,30128
1007,D3_01_1_1_Chlorophyll_plate_28.tif,26.056,18289.600,10592,31680
1008,D3_01_1_1_Chlorophyll_plate_28.tif,26.056,19376.000,12032,30240
1009,D3_01_1_1_Chlorophyll_plate_28.tif,31.267,20034.667,12368,32032
1010,D3_01_1_1_Chlorophyll_plate_28.tif,33.873,18177.231,10464,28832
1011,D3_01_1_1_Chlorophyll_plate_28.tif,26.056,16915.200,10480,29648
1012,D3_01_1_1_Chlorophyll_plate_28.tif,39.084,22441.600,11248,38064
1013,D3_01_1_1_Chlorophyll_plate_28.tif,26.056,15240.000,10624,27824
1014,D3_01_1_1_Chlorophyll_plate_28.tif,28.661,22913.455,12064,40768
1015,D3_01_1_1_Chlorophyll_plate_28.tif,26.056,15532.800,10608,22576
1016,D3_01_1_1_Chlorophyll_plate_28.tif,31.267,17482.667,10992,26224
1017,D3_01_1_1_Chlorophyll_plate_28.tif,26.056,25940.800,14128,39808
1018,D3_01_1_1_Chlorophyll_plate_28.tif,31.267,15508.000,11264,23760
1019,D3_01_1_1_Chlorophyll_plate_28.tif,54.717,16954.667,10400,27072
1020,D3_01_1_1_Chlorophyll_plate_28.tif,28.661,17458.909,10672,23856
1021,D3_01_1_1_Chlorophyll_plate_28.tif,26.056,19921.600,11344,32256
1022,D3_01_1_1_Chlorophyll_plate_28.tif,39.084,24126.933,10336,41728
1023,D3_01_1_1_Chlorophyll_plate_28.tif,28.661,17506.909,10640,29936
1024,D3_01_1_1_Chlorophyll_plate_28.tif,28.661,19390.545,11728,31952
1025,D3_01_1_1_Chlorophyll_plate_28.tif,26.056,20652.800,11968,34288
1026,D3_01_1_1_Chlorophyll_plate_28.tif,46.900,22085.333,11216,38448
1027,D3_01_1_1_Chlorophyll_plate_28.tif,36.478,30035.429,14640,49168
1028,D3_01_1_1_Chlorophyll_plate_28.tif,26.056,21009.600,11216,34240
1029,D3_01_1_1_Chlorophyll_plate_28.tif,28.661,16536.727,10784,26144
1030,D3_01_1_1_Chlorophyll_plate_28.tif,41.689,26941.000,11104,48272
1031,D3_01_1_1_Chlorophyll_plate_28.tif,36.478,22294.857,11392,34144
1032,D3_01_1_1_Chlorophyll_plate_28.tif,26.056,15798.400,10688,21552
1033,D3_01_1_1_Chlorophyll_plate_28.tif,26.056,19961.600,12384,31328
1034,D3_01_1_1_Chlorophyll_plate_28.tif,36.478,20872.000,11024,35760
1035,D3_01_1_1_Chlorophyll_plate_28.tif,26.056,18188.800,11056,27488
1036,D3_01_1_1_Chlorophyll_plate_28.tif,26.056,17952.000,11760,25264
1037,D3_01_1_1_Chlorophyll_plate_28.tif,31.267,20718.667,11424,32928
1038,D3_01_1_1_Chlorophyll_plate_28.tif,28.661,20337.455,11152,32528
1039,D3_01_1_1_Chlorophyll_plate_28.tif,80.773,21085.935,11136,41280
1040,D3_01_1_1_Chlorophyll_plate_28.tif,31.267,20064.000,11632,33568
1041,D3_01_1_1_Chlorophyll_plate_28.tif,33.873,20035.692,12656,31200
1042,D3_01_1_1_Chlorophyll_plate_28.tif,41.689,22402.000,11648,33888
1043,D3_01_1_1_Chlorophyll_plate_28.tif,26.056,14316.800,10560,20096
1044,D3_01_1_1_Chlorophyll_plate_28.tif,41.689,22905.000,11792,39968
1045,D3_01_1_1_Chlorophyll_plate_28.tif,33.873,21968.000,10672,40512
1046,D3_01_1_1_Chlorophyll_plate_28.tif,33.873,22461.538,11536,37872
1047,D3_01_1_1_Chlorophyll_plate_28.tif,26.056,18625.600,10784,31968
1048,D3_01_1_1_Chlorophyll_plate_28.tif,59.928,29225.739,10928,56016
1049,D3_01_1_1_Chlorophyll_plate_28.tif,41.689,16124.000,10512,29888
1050,D3_01_1_1_Chlorophyll_plate_28.tif,28.661,16410.182,11168,24320
1051,D3_01_1_1_Chlorophyll_plate_28.tif,26.056,20172.800,12384,30624
1052,D3_01_1_1_Chlorophyll_plate_28.tif,28.661,17076.364,10544,24368
1053,D3_01_1_1_Chlorophyll_plate_28.tif,44.295,21972.706,10448,34912
1054,D3_01_1_1_Chlorophyll_plate_28.tif,41.689,22433.000,14016,33456
1055,D3_01_1_1_Chlorophyll_plate_28.tif,33.873,21051.077,11904,34288
1056,D3_01_1_1_Chlorophyll_plate_28.tif,33.873,23873.231,10496,38144
1057,D3_01_1_1_Chlorophyll_plate_28.tif,26.056,20622.400,15536,31616
1058,D3_01_1_1_Chlorophyll_plate_28.tif,49.506,17380.211,10832,29456
1059,D3_01_1_1_Chlorophyll_plate_28.tif,62.534,24729.333,12256,52496
1060,D3_01_1_1_Chlorophyll_plate_28.tif,33.873,24569.846,10400,43872
1061,D3_01_1_1_Chlorophyll_plate_28.tif,28.661,16549.818,10528,23600
1062,D3_01_1_1_Chlorophyll_plate_28.tif,70.351,22151.111,11600,38448
1063,D3_01_1_1_Chlorophyll_plate_28.tif,36.478,19571.429,10800,30400
1064,D3_01_1_1_Chlorophyll_plate_28.tif,28.661,20824.727,11728,34272
1065,D3_01_1_1_Chlorophyll_plate_28.tif,62.534,23896.667,10752,47808
1066,D3_01_1_1_Chlorophyll_plate_28.tif,36.478,22924.571,13168,35280
1067,D3_01_1_1_Chlorophyll_plate_28.tif,33.873,20777.846,10512,36512
1068,D3_01_1_1_Chlorophyll_plate_28.tif,41.689,19841.000,13200,30736
1069,D3_01_1_1_Chlorophyll_plate_28.tif,26.056,16612.800,11376,25520
1070,D3_01_1_1_Chlorophyll_plate_28.tif,36.478,20526.857,10944,36032
1071,D3_01_1_1_Chlorophyll_plate_28.tif,26.056,23566.400,13808,39680
1072,D3_01_1_1_Chlorophyll_plate_28.tif,44.295,22808.471,10624,38640
1073,D3_01_1_1_Chlorophyll_plate_28.tif,33.873,18824.615,10544,30528
1074,D3_01_1_1_Chlorophyll_plate_28.tif,72.956,23597.714,10624,52496
1075,D3_01_1_1_Chlorophyll_plate_28.tif,31.267,14981.333,11104,25520
1076,D3_01_1_1_Chlorophyll_plate_28.tif,28.661,19984.000,10496,34352
1077,D3_01_1_1_Chlorophyll_plate_28.tif,31.267,24800.000,11056,43152
1078,D3_01_1_1_Chlorophyll_plate_28.tif,39.084,33985.067,13360,54848
1079,D3_01_1_1_Chlorophyll_plate_28.tif,41.689,16133.000,10368,24016
1080,D3_01_1_1_Chlorophyll_plate_28.tif,33.873,21741.538,12768,34928
1081,D3_01_1_1_Chlorophyll_plate_28.tif,65.140,20569.600,10384,42864
1082,D3_01_1_1_Chlorophyll_plate_28.tif,28.661,18984.727,10624,34848
1083,D3_01_1_1_Chlorophyll_plate_28.tif,106.829,25027.902,10448,49728
1084,D3_01_1_1_Chlorophyll_plate_28.tif,33.873,20388.923,10368,35536
1085,D3_01_1_1_Chlorophyll_plate_28.tif,41.689,22167.000,11904,37840
1086,D3_01_1_1_Chlorophyll_plate_28.tif,26.056,21432.000,11744,34400
1087,D3_01_1_1_Chlorophyll_plate_28.tif,49.506,17033.263,10768,26512
1088,D3_01_1_1_Chlorophyll_plate_28.tif,41.689,23983.000,11120,40496
1089,D3_01_1_1_Chlorophyll_plate_28.tif,33.873,22177.231,11248,39248
1090,D3_01_1_1_Chlorophyll_plate_28.tif,46.900,23998.222,10992,45632
1091,D3_01_1_1_Chlorophyll_plate_28.tif,80.773,25511.226,11152,51728
1092,D3_01_1_1_Chlorophyll_plate_28.tif,28.661,20974.545,12528,33104
1093,D3_01_1_1_Chlorophyll_plate_28.tif,36.478,18065.143,10368,29088
1094,D3_01_1_1_Chlorophyll_plate_28.tif,41.689,18145.000,12128,28880
1095,D3_01_1_1_Chlorophyll_plate_28.tif,31.267,16336.000,10576,22992
1096,D3_01_1_1_Chlorophyll_plate_28.tif,36.478,18726.857,11824,27792
1097,D3_01_1_1_Chlorophyll_plate_28.tif,39.084,22384.000,12640,37456
1098,D3_01_1_1_Chlorophyll_plate_28.tif,28.661,18978.909,10432,28128
1099,D3_01_1_1_Chlorophyll_plate_28.tif,41.689,22362.000,10832,39472
1100,D3_01_1_1_Chlorophyll_plate_28.tif,44.295,19984.941,10336,36544
1101,D3_01_1_1_Chlorophyll_plate_28.tif,31.267,24853.333,11424,42000
1102,D3_01_1_1_Chlorophyll_plate_28.tif,26.056,22118.400,11424,36768
1103,D3_01_1_1_Chlorophyll_plate_28.tif,39.084,21768.533,11472,34928
1104,D3_01_1_1_Chlorophyll_plate_28.tif,28.661,23914.182,11184,44832
1105,D3_01_1_1_Chlorophyll_plate_28.tif,62.534,20574.667,10608,39136
1106,D3_01_1_1_Chlorophyll_plate_28.tif,44.295,16400.941,11504,21696
1107,D3_01_1_1_Chlorophyll_plate_28.tif,28.661,17937.455,11136,27088
1108,D3_01_1_1_Chlorophyll_plate_28.tif,26.056,19592.000,13040,27648
1109,D3_01_1_1_Chlorophyll_plate_28.tif,44.295,24112.941,14000,39728
1110,D3_01_1_1_Chlorophyll_plate_28.tif,28.661,18987.636,10800,32144
1111,D3_01_1_1_Chlorophyll_plate_28.tif,49.506,30136.421,12480,50096
1112,D3_01_1_1_Chlorophyll_plate_28.tif,26.056,17030.400,10832,25200
1113,D3_01_1_1_Chlorophyll_plate_28.tif,44.295,21756.235,10416,35712
1114,D3_01_1_1_Chlorophyll_plate_28.tif,41.689,22841.000,10400,43280
1115,D3_01_1_1_Chlorophyll_plate_28.tif,31.267,21100.000,11072,34208
1116,D3_01_1_1_Chlorophyll_plate_28.tif,49.506,18421.895,10752,31808
1117,D3_01_1_1_Chlorophyll_plate_28.tif,41.689,19413.000,11424,31936
1118,D3_01_1_1_Chlorophyll_plate_28.tif,36.478,20482.286,11712,34000
1119,D3_01_1_1_Chlorophyll_plate_28.tif,57.323,22173.818,11504,35456
1120,D3_01_1_1_Chlorophyll_plate_28.tif,46.900,26008.889,11056,42048
1121,D3_01_1_1_Chlorophyll_plate_28.tif,26.056,15596.800,10624,20224
1122,D3_01_1_1_Chlorophyll_plate_28.tif,52.112,22953.600,11376,34448
1123,D3_01_1_1_Chlorophyll_plate_28.tif,31.267,25598.667,10592,46960
1124,D3_01_1_1_Chlorophyll_plate_28.tif,122.462,27317.447,10944,55216
1125,D3_01_1_1_Chlorophyll_plate_28.tif,31.267,20661.333,11680,30864
1126,D3_01_1_1_Chlorophyll_plate_28.tif,28.661,17000.727,10832,26800
1127,D3_01_1_1_Chlorophyll_plate_28.tif,28.661,17170.909,10560,27824
1128,D3_01_1_1_Chlorophyll_plate_28.tif,39.084,19233.067,10960,29184
1129,D3_01_1_1_Chlorophyll_plate_28.tif,26.056,20400.000,10656,32752
1130,D3_01_1_1_Chlorophyll_plate_28.tif,28.661,16542.545,10544,25280
1131,D3_01_1_1_Chlorophyll_plate_28.tif,28.661,18388.364,12464,26144
1132,D3_01_1_1_Chlorophyll_plate_28.tif,46.900,18756.444,10560,36032
1133,D3_01_1_1_Chlorophyll_plate_28.tif,26.056,18473.600,11456,30544
1134,D3_01_1_1_Chlorophyll_plate_28.tif,26.056,19416.000,10608,33104
1135,D3_01_1_1_Chlorophyll_plate_28.tif,33.873,15691.077,10432,22208
1136,D3_01_1_1_Chlorophyll_plate_28.tif,31.267,18461.333,10528,29680
1137,D3_01_1_1_Chlorophyll_plate_28.tif,26.056,17721.600,10464,29408
1138,D3_01_1_1_Chlorophyll_plate_28.tif,46.900,25525.333,12256,43152
1139,D3_01_1_1_Chlorophyll_plate_28.tif,33.873,19240.615,12192,29920
1140,D3_01_1_1_Chlorophyll_plate_28.tif,31.267,21066.667,12064,33776
1141,D3_01_1_1_Chlorophyll_plate_28.tif,46.900,20744.000,10496,34576
1142,D3_01_1_1_Chlorophyll_plate_28.tif,44.295,21931.294,11840,31536
1143,D3_01_1_1_Chlorophyll_plate_28.tif,46.900,26767.111,12944,48352
1144,D3_01_1_1_Chlorophyll_plate_28.tif,26.056,20676.800,10400,34784
1145,D3_01_1_1_Chlorophyll_plate_28.tif,28.661,16341.818,11648,24464
1146,D3_01_1_1_Chlorophyll_plate_28.tif,49.506,25423.158,10992,44432
1147,D3_01_1_1_Chlorophyll_plate_28.tif,26.056,19515.200,11056,35248
1148,D3_01_1_1_Chlorophyll_plate_28.tif,33.873,24018.462,10464,43424
1149,D3_01_1_1_Chlorophyll_plate_28.tif,33.873,16806.154,10464,26976
1150,D3_01_1_1_Chlorophyll_plate_28.tif,26.056,19012.800,12160,31152
1151,D3_01_1_1_Chlorophyll_plate_28.tif,28.661,19752.727,10576,29680
1152,D3_01_1_1_Chlorophyll_plate_28.tif,28.661,19092.364,10480,30976
1153,D3_01_1_1_Chlorophyll_plate_28.tif,41.689,22527.000,10352,39584
1154,D3_01_1_1_Chlorophyll_plate_28.tif,41.689,23829.000,11312,44560
1155,D3_01_1_1_Chlorophyll_plate_28.tif,36.478,21514.286,12624,31888
1156,D3_01_1_1_Chlorophyll_plate_28.tif,41.689,19265.000,11056,31776
1157,D3_01_1_1_Chlorophyll_plate_28.tif,33.873,22545.231,11552,34816
1158,D3_01_1_1_Chlorophyll_plate_28.tif,28.661,20293.818,11856,31008
1159,D3_01_1_1_Chlorophyll_plate_28.tif,31.267,19050.667,10832,31984
1160,D3_01_1_1_Chlorophyll_plate_28.tif,54.717,32313.143,17664,54848
1161,D3_01_1_1_Chlorophyll_plate_28.tif,33.873,21126.154,12736,29264
1162,D3_01_1_1_Chlorophyll_plate_28.tif,26.056,16366.400,10976,24752
1163,D3_01_1_1_Chlorophyll_plate_28.tif,28.661,16624.000,10704,27088
1164,D3_01_1_1_Chlorophyll_plate_28.tif,41.689,21252.000,10864,40560
1165,D3_01_1_1_Chlorophyll_plate_28.tif,41.689,22769.000,12240,36640
1166,D3_01_1_1_Chlorophyll_plate_28.tif,31.267,21060.000,11296,37376
1167,D3_01_1_1_Chlorophyll_plate_28.tif,28.661,20296.727,10976,37104
1168,D3_01_1_1_Chlorophyll_plate_28.tif,28.661,18386.909,10896,26304
1169,D3_01_1_1_Chlorophyll_plate_28.tif,33.873,19065.846,10576,33120
1170,D3_01_1_1_Chlorophyll_plate_28.tif,41.689,22136.000,10448,34720
1171,D3_01_1_1_Chlorophyll_plate_28.tif,44.295,26759.529,10832,58384
1172,D3_01_1_1_Chlorophyll_plate_28.tif,41.689,20567.000,10608,32800
1173,D3_01_1_1_Chlorophyll_plate_28.tif,26.056,18299.200,10432,28928
1174,D3_01_1_1_Chlorophyll_plate_28.tif,26.056,18345.600,10528,28368
1175,D3_01_1_1_Chlorophyll_plate_28.tif,49.506,22216.421,10656,36352
1176,D3_01_1_1_Chlorophyll_plate_28.tif,36.478,22635.429,12144,37424
1177,D3_01_1_1_Chlorophyll_plate_28.tif,49.506,19316.211,10896,31360
1178,D3_01_1_1_Chlorophyll_plate_28.tif,44.295,21263.059,11248,33616
1179,D3_01_1_1_Chlorophyll_plate_28.tif,46.900,19231.111,11296,27760
1180,D3_01_1_1_Chlorophyll_plate_28.tif,36.478,15020.571,10736,25696
1181,D3_01_1_1_Chlorophyll_plate_28.tif,31.267,17080.000,10960,24688
1182,D3_01_1_1_Chlorophyll_plate_28.tif,26.056,16681.600,10848,24256
1183,D3_01_1_1_Chlorophyll_plate_28.tif,44.295,21407.059,10384,37120
1184,D3_01_1_1_Chlorophyll_plate_28.tif,26.056,22449.600,10816,34560
1185,D3_01_1_1_Chlorophyll_plate_28.tif,28.661,18507.636,10736,30912
1186,D3_01_1_1_Chlorophyll_plate_28.tif,33.873,20968.615,10608,33664
1187,D3_01_1_1_Chlorophyll_plate_28.tif,31.267,15064.000,10688,22640
1188,D3_01_1_1_Chlorophyll_plate_28.tif,26.056,20704.000,11984,32224
1189,D3_01_1_1_Chlorophyll_plate_28.tif,33.873,20803.692,14864,31488
1190,D3_01_1_1_Chlorophyll_plate_28.tif,36.478,17212.571,10928,24672
1191,D3_01_1_1_Chlorophyll_plate_28.tif,39.084,18302.933,10592,26912
1192,D3_01_1_1_Chlorophyll_plate_28.tif,28.661,19975.273,11232,28784
1193,D3_01_1_1_Chlorophyll_plate_28.tif,28.661,20194.909,10752,36464
1194,D3_01_1_1_Chlorophyll_plate_28.tif,26.056,17811.200,12048,26416
1195,D3_01_1_1_Chlorophyll_plate_28.tif,31.267,16142.667,10960,23904
1196,D3_01_1_1_Chlorophyll_plate_28.tif,31.267,22508.000,12464,35744
1197,D3_01_1_1_Chlorophyll_plate_28.tif,28.661,19941.818,10432,31520
1198,D3_01_1_1_Chlorophyll_plate_28.tif,28.661,20180.364,10624,30144
1199,D3_01_1_1_Chlorophyll_plate_28.tif,28.661,21687.273,10368,37872
1200,D3_01_1_1_Chlorophyll_plate_28.tif,44.295,21707.294,10528,35920
1201,D3_01_1_1_Chlorophyll_plate_28.tif,46.900,15067.556,10688,23312
1202,D3_01_1_1_Chlorophyll_plate_28.tif,41.689,19772.000,12128,29152
1203,D3_01_1_1_Chlorophyll_plate_28.tif,31.267,17942.667,12368,25840
1204,D3_01_1_1_Chlorophyll_plate_28.tif,26.056,19496.000,10512,29248
1205,D3_01_1_1_Chlorophyll_plate_28.tif,33.873,16198.154,10640,21488
1206,D3_01_1_1_Chlorophyll_plate_28.tif,36.478,21190.857,10576,31184
1207,D3_01_1_1_Chlorophyll_plate_28.tif,26.056,18144.000,11024,28288
1208,D3_01_1_1_Chlorophyll_plate_28.tif,28.661,20130.909,11056,33184
1209,D3_01_1_1_Chlorophyll_plate_28.tif,41.689,28015.000,10352,48352
1210,D3_01_1_1_Chlorophyll_plate_28.tif,33.873,24817.231,12752,42064
1211,D3_01_1_1_Chlorophyll_plate_28.tif,26.056,16278.400,11184,24560
1212,D3_01_1_1_Chlorophyll_plate_28.tif,36.478,17356.571,11184,26672
1213,D3_01_1_1_Chlorophyll_plate_28.tif,44.295,27013.647,11296,47856
1214,D3_01_1_1_Chlorophyll_plate_28.tif,28.661,18599.273,10368,30960
1215,D3_01_1_1_Chlorophyll_plate_28.tif,28.661,18117.818,10672,27440
1216,D3_01_1_1_Chlorophyll_plate_28.tif,31.267,23089.333,12080,38352
1217,D3_01_1_1_Chlorophyll_plate_28.tif,33.873,19821.538,12064,32160
1218,D3_01_1_1_Chlorophyll_plate_28.tif,33.873,17777.231,10512,27520
1219,D3_01_1_1_Chlorophyll_plate_28.tif,33.873,18900.923,11792,26848
1220,D3_01_1_1_Chlorophyll_plate_28.tif,41.689,23229.000,11504,40144
1221,D3_01_1_1_Chlorophyll_plate_28.tif,33.873,20829.538,10368,37488
1222,D3_01_1_1_Chlorophyll_plate_28.tif,26.056,19436.800,10928,28864
1223,D3_01_1_1_Chlorophyll_plate_28.tif,26.056,20659.200,10384,33552
1224,D3_01_1_1_Chlorophyll_plate_28.tif,93.801,27103.111,10800,61152
1225,D3_01_1_1_Chlorophyll_plate_28.tif,41.689,20501.000,12480,32624
1226,D3_01_1_1_Chlorophyll_plate_28.tif,39.084,21443.200,10944,34432
1227,D3_01_1_1_Chlorophyll_plate_28.tif,28.661,18712.727,10704,30640
1228,D3_01_1_1_Chlorophyll_plate_28.tif,52.112,30369.600,10736,54816
1229,D3_01_1_1_Chlorophyll_plate_28.tif,39.084,15942.400,11152,27840
1230,D3_01_1_1_Chlorophyll_plate_28.tif,36.478,20358.857,11792,30992
1231,D3_01_1_1_Chlorophyll_plate_28.tif,28.661,19163.636,12464,30880
1232,D3_01_1_1_Chlorophyll_plate_28.tif,28.661,17181.091,10416,26384
1233,D3_01_1_1_Chlorophyll_plate_28.tif,33.873,21784.615,11568,37296
1234,D3_01_1_1_Chlorophyll_plate_28.tif,31.267,23630.667,11296,37984
1235,D3_01_1_1_Chlorophyll_plate_28.tif,36.478,23509.714,13440,40944
1236,D3_01_1_1_Chlorophyll_plate_28.tif,28.661,21141.818,10816,29712
1237,D3_01_1_1_Chlorophyll_plate_28.tif,31.267,20054.667,10656,33360
1238,D3_01_1_1_Chlorophyll_plate_28.tif,33.873,24024.615,11200,42336
1239,D3_01_1_1_Chlorophyll_plate_28.tif,28.661,18544.000,11136,28976
1240,D3_01_1_1_Chlorophyll_plate_28.tif,26.056,17256.000,11584,22800
1241,D3_01_1_1_Chlorophyll_plate_28.tif,44.295,19227.294,10592,27760
1242,D3_01_1_1_Chlorophyll_plate_28.tif,26.056,20515.200,10576,31056
1243,D3_01_1_1_Chlorophyll_plate_28.tif,28.661,19390.545,11568,32992
1244,D3_01_1_1_Chlorophyll_plate_28.tif,41.689,19207.000,13424,26640
1245,D3_01_1_1_Chlorophyll_plate_28.tif,31.267,18453.333,11536,27632
1246,D3_01_1_1_Chlorophyll_plate_28.tif,33.873,19392.000,10368,30032
1247,D3_01_1_1_Chlorophyll_plate_28.tif,109.434,27438.476,10560,55568
1248,D3_01_1_1_Chlorophyll_plate_28.tif,28.661,17074.909,11888,22832
1249,D3_01_1_1_Chlorophyll_plate_28.tif,36.478,18405.714,11824,25968
1250,D3_01_1_1_Chlorophyll_plate_28.tif,26.056,21475.200,12144,33040
1251,D3_01_1_1_Chlorophyll_plate_28.tif,28.661,20302.545,11616,29824
1252,D3_01_1_1_Chlorophyll_plate_28.tif,36.478,24526.857,11008,42112
1253,D3_01_1_1_Chlorophyll_plate_28.tif,39.084,23479.467,10496,47408
1254,D3_01_1_1_Chlorophyll_plate_28.tif,26.056,18707.200,10576,31504
1255,D3_01_1_1_Chlorophyll_plate_28.tif,28.661,15396.364,10848,22528
1256,D3_01_1_1_Chlorophyll_plate_28.tif,28.661,19440.000,10528,31744
1257,D3_01_1_1_Chlorophyll_plate_28.tif,36.478,16321.143,11168,23120
1258,D3_01_1_1_Chlorophyll_plate_28.tif,26.056,16670.400,10576,28960
1259,D3_01_1_1_Chlorophyll_plate_28.tif,49.506,17398.737,10400,28784
1260,D3_01_1_1_Chlorophyll_plate_28.tif,36.478,17523.429,10384,23264
1261,D3_01_1_1_Chlorophyll_plate_28.tif,41.689,21710.000,10880,34768
1262,D3_01_1_1_Chlorophyll_plate_28.tif,49.506,19586.526,10896,37920
1263,D3_01_1_1_Chlorophyll_plate_28.tif,28.661,19809.455,11728,31216
1264,D3_01_1_1_Chlorophyll_plate_28.tif,36.478,19563.429,11808,29200
1265,D3_01_1_1_Chlorophyll_plate_28.tif,31.267,20958.667,12656,37072
1266,D3_01_1_1_Chlorophyll_plate_28.tif,28.661,23642.182,11104,45504
1267,D3_01_1_1_Chlorophyll_plate_28.tif,33.873,27766.154,10928,46512
1268,D3_01_1_1_Chlorophyll_plate_28.tif,36.478,24978.286,11696,41040
1269,D3_01_1_1_Chlorophyll_plate_28.tif,33.873,17821.538,11056,27568
1270,D3_01_1_1_Chlorophyll_plate_28.tif,33.873,22402.462,12912,39008
1271,D3_01_1_1_Chlorophyll_plate_28.tif,36.478,24596.571,11056,42560
1272,D3_01_1_1_Chlorophyll_plate_28.tif,46.900,28562.667,10720,53424
1273,D3_01_1_1_Chlorophyll_plate_28.tif,26.056,18828.800,10464,28912
1274,D3_01_1_1_Chlorophyll_plate_28.tif,49.506,25300.211,11872,43088
1275,D3_01_1_1_Chlorophyll_plate_28.tif,31.267,22570.667,11312,38208
1276,D3_01_1_1_Chlorophyll_plate_28.tif,54.717,21651.048,11152,33712
1277,D3_01_1_1_Chlorophyll_plate_28.tif,31.267,19929.333,13328,29344
1278,D3_01_1_1_Chlorophyll_plate_28.tif,33.873,16072.615,10720,22912
1279,D3_01_1_1_Chlorophyll_plate_28.tif,39.084,20881.067,10576,32768
1280,D3_01_1_1_Chlorophyll_plate_28.tif,26.056,26755.200,13088,45696
1281,D3_01_1_1_Chlorophyll_plate_28.tif,28.661,17461.818,10352,28864
1282,D3_01_1_1_Chlorophyll_plate_28.tif,31.267,16530.667,11648,23072
1283,D3_01_1_1_Chlorophyll_plate_28.tif,41.689,18252.000,10960,24352
1284,D3_01_1_1_Chlorophyll_plate_28.tif,33.873,17529.846,10432,26576
1285,D3_01_1_1_Chlorophyll_plate_28.tif,31.267,16701.333,11488,27904
1286,D3_01_1_1_Chlorophyll_plate_28.tif,28.661,20853.818,11808,30112
1287,D3_01_1_1_Chlorophyll_plate_28.tif,28.661,20100.364,10576,34064
1288,D3_01_1_1_Chlorophyll_plate_28.tif,26.056,16110.400,10512,20736
1289,D3_01_1_1_Chlorophyll_plate_28.tif,33.873,17067.077,10704,24672
1290,D3_01_1_1_Chlorophyll_plate_28.tif,28.661,17758.545,11344,24112
1291,D3_01_1_1_Chlorophyll_plate_28.tif,41.689,16762.000,10560,26608
1292,D3_01_1_1_Chlorophyll_plate_28.tif,33.873,23227.077,12240,37984
1293,D3_01_1_1_Chlorophyll_plate_28.tif,28.661,22301.091,12848,38864
1294,D3_01_1_1_Chlorophyll_plate_28.tif,28.661,22859.636,10656,37424
1295,D3_01_1_1_Chlorophyll_plate_28.tif,31.267,15041.333,11104,20848
1296,D3_01_1_1_Chlorophyll_plate_28.tif,28.661,19082.182,11472,29264
1297,D3_01_1_1_Chlorophyll_plate_28.tif,33.873,17771.077,10960,25200
1298,D3_01_1_1_Chlorophyll_plate_28.tif,39.084,24131.200,10752,44112
1299,D3_01_1_1_Chlorophyll_plate_28.tif,39.084,21830.400,10464,39488
1300,D3_01_1_1_Chlorophyll_plate_28.tif,33.873,22930.462,10880,36736
1301,D3_01_1_1_Chlorophyll_plate_28.tif,36.478,22805.714,10624,44128
1302,D3_01_1_1_Chlorophyll_plate_28.tif,28.661,21032.727,13280,31536
1303,D3_01_1_1_Chlorophyll_plate_28.tif,36.478,27344.000,15280,40000
1304,D3_01_1_1_Chlorophyll_plate_28.tif,31.267,15606.667,10416,22992
1305,D3_01_1_1_Chlorophyll_plate_28.tif,28.661,14699.636,10368,21184
1306,D3_01_1_1_Chlorophyll_plate_28.tif,39.084,19025.067,11968,32112
1307,D3_01_1_1_Chlorophyll_plate_28.tif,33.873,19961.846,11360,32912
1308,D3_01_1_1_Chlorophyll_plate_28.tif,39.084,19911.467,10848,35824
1309,D3_01_1_1_Chlorophyll_plate_28.tif,31.267,19672.000,11216,29792
1310,D3_01_1_1_Chlorophyll_plate_28.tif,26.056,25057.600,16944,41280
1311,D3_01_1_1_Chlorophyll_plate_28.tif,44.295,23649.882,10672,38800
1312,D3_01_1_1_Chlorophyll_plate_28.tif,33.873,18720.000,10368,30816
1313,D3_01_1_1_Chlorophyll_plate_28.tif,28.661,20517.818,11200,37248
1314,D3_01_1_1_Chlorophyll_plate_28.tif,31.267,21081.333,10544,32416
1315,D3_01_1_1_Chlorophyll_plate_28.tif,26.056,16880.000,10624,26208
1316,D3_01_1_1_Chlorophyll_plate_28.tif,26.056,24793.600,12560,39280
1317,D3_01_1_1_Chlorophyll_plate_28.tif,39.084,20851.200,10336,34624
1318,D3_01_1_1_Chlorophyll_plate_28.tif,28.661,17691.636,10400,31472
1319,D3_01_1_1_Chlorophyll_plate_28.tif,44.295,17466.353,10448,26096
1320,D3_01_1_1_Chlorophyll_plate_28.tif,26.056,18288.000,11024,26192
1321,D3_01_1_1_Chlorophyll_plate_28.tif,33.873,18782.769,11056,26016
1322,D3_01_1_1_Chlorophyll_plate_28.tif,44.295,19797.647,11024,36496
1323,D3_01_1_1_Chlorophyll_plate_28.tif,39.084,17649.067,10736,26400
1324,D3_01_1_1_Chlorophyll_plate_28.tif,28.661,20903.273,12960,32768
1325,D3_01_1_1_Chlorophyll_plate_28.tif,26.056,15804.800,11072,24464
1326,D3_01_1_1_Chlorophyll_plate_28.tif,49.506,19267.368,10448,28800
1327,D3_01_1_1_Chlorophyll_plate_28.tif,33.873,20481.231,12432,33744
1328,D3_01_1_1_Chlorophyll_plate_28.tif,36.478,21005.714,11696,38688
1329,D3_01_1_1_Chlorophyll_plate_28.tif,33.873,15954.462,10672,22512
1330,D3_01_1_1_Chlorophyll_plate_28.tif,36.478,25891.429,11440,42384
1331,D3_01_1_1_Chlorophyll_plate_28.tif,26.056,19945.600,10560,31712
1332,D3_01_1_1_Chlorophyll_plate_28.tif,33.873,20237.538,11680,35648
1333,D3_01_1_1_Chlorophyll_plate_28.tif,39.084,21051.733,11008,33232
1334,D3_01_1_1_Chlorophyll_plate_28.tif,46.900,18553.778,10576,33152
1335,D3_01_1_1_Chlorophyll_plate_28.tif,41.689,15733.000,10608,29792
1336,D3_01_1_1_Chlorophyll_plate_28.tif,46.900,23616.889,10464,37568
1337,D3_01_1_1_Chlorophyll_plate_28.tif,52.112,20641.600,11024,39024
1338,D3_01_1_1_Chlorophyll_plate_28.tif,59.928,20059.826,10432,39664
1339,D3_01_1_1_Chlorophyll_plate_28.tif,31.267,16466.667,10720,22864
1340,D3_01_1_1_Chlorophyll_plate_28.tif,31.267,21785.333,11904,36624
1341,D3_01_1_1_Chlorophyll_plate_28.tif,28.661,17825.455,12496,27456
1342,D3_01_1_1_Chlorophyll_plate_28.tif,28.661,17218.909,12048,21552
